Name,Sector,rating_num,currentRatio,cashRatio,netProfitMargin,operatingProfitMargin,debtRatio,debtEquityRatio,returnOnEquity,operatingCashFlowSalesRatio,rating_note
3M Company,Health Care,9.0,1.86316772225,0.33023142650000004,0.15273716850000002,0.21955757225,0.553381044,1.2867638315,0.3337024635,0.19679172425,AA
ABB Ltd,Consumer Durables,8.0,1.51531565225,0.32238603525,0.070720958,0.07397444975,0.61281092975,1.642079711,0.1686824825,0.09662798,A
"ACI Worldwide, Inc.",Technology,6.0,1.262621528,0.275054977,0.073841985,0.142263865,0.676728795,2.093377893,0.117470489,0.16003413,BB
ADT Inc.,Consumer Services,6.0,0.577683616,0.093220339,0.539162113,0.029143898,0.703479003,2.372442455,0.094629156,0.06557377,BB
AECOM,Consumer Services,6.0,1.2737196050000001,0.15885772866666667,0.008139271666666666,0.023655960333333333,0.712850909,2.6414813096666667,0.04454100833333333,0.04413579466666667,BB
AGCO Corporation,Capital Goods,6.833333333333333,1.5441816625,0.26291376650000003,0.04562405116666667,0.0627348125,0.5625666633333334,1.2973441793333333,0.127602601,0.06477769916666666,BBB
"AMAG Pharmaceuticals, Inc.",Health Care,5.5,2.381780833,0.9033560525,0.036850210499999994,0.2070637545,0.62410061,1.6603094884999998,0.016251645,0.3461061285,BB
"AMC Entertainment Holdings, Inc.",Consumer Services,5.0,0.574881222,0.174129449,0.034509368,0.065781252,0.767450709,3.30016361,0.055565286,0.133397881,B
AMC Networks Inc.,Consumer Services,6.0,2.4367979676666667,0.6575579173333334,0.13001576133333334,0.302959092,1.342836014666667,-4.229178742,-0.2617959633333334,0.201530997,BB
AT&T Inc.,Public Utilities,7.75,0.76995181525,0.15044250650000002,0.053016352,0.1030168005,0.66602007475,2.028897404,0.07219831575,0.26441521675,A
AbbVie Inc.,Health Care,7.5,1.5330856635,0.6268498899999999,0.16053607749999999,0.268455487,0.933312703,14.035599075,1.1512253970000002,0.226218509,A
"Acadia Healthcare Company, Inc.",Health Care,5.0,1.652120723,0.566731351,0.082659683,0.125576224,0.603809605,1.52403898,0.094260271,0.114757998,B
Accenture plc,Miscellaneous,8.0,1.4366091948333333,0.649479741,0.09670345516666667,0.1345945005,0.6980838469999999,2.3849580011666665,0.570000019,0.12377146366666668,A
Acco Brands Corporation,Consumer Durables,6.0,1.9036093608333333,0.17143686316666665,0.05412369983333334,0.09460979483333333,0.759854106,-1.1968067711666668,-0.03476895166666667,0.07905658033333333,BB
"Advanced Disposal Services, Inc.",Public Utilities,5.0,0.661429452,0.003696858,-0.021643172,0.093905738,0.753850263,3.062567812,-0.036648583,0.168731311,B
"Advanced Micro Devices, Inc.",Technology,6.0,1.621331424,0.392984968,-0.218185172,-0.19476208,0.8655,6.434944238,-2.198884758,-0.06233862,BB
"Air Products and Chemicals, Inc.",Basic Industries,8.0,0.991801487,0.10324162933333332,0.10726836833333335,0.14301408366666665,0.591830803,1.4513642979999999,0.150700537,0.202790849,A
Albany International Corporation,Basic Industries,7.0,3.0450636295,1.2234273249999998,0.068341457,0.09287529550000001,0.5016300185,1.0139180045,0.098336426,0.12405505750000001,BBB
Albemarle Corporation,Basic Industries,6.0,2.0352239195,1.1582152695,0.073117637,0.1160531065,0.7006254995000001,2.3982507575,0.100486989,0.1501068505,BB
Alcoa Corporation,Basic Industries,6.0,1.067387687,0.231697171,-0.077060452,-0.005982677,0.298543837,0.518957848,-0.091400127,0.078131976,BB
Alkermes plc,Health Care,6.0,4.571462707999999,1.1400783933333334,-0.23387042699999996,-0.24139385733333332,0.3232711833333333,0.48943619066666666,-0.10916635699999999,-0.017532146333333335,BB
Alleghany Corporation,Finance,7.0,4.3548015573333325,0.225493961,0.129268136,0.15856180499999997,0.6331791313333334,1.793799417,0.07133941433333334,0.07727602733333333,BBB
Allegheny Technologies Incorporated,Basic Industries,6.25,2.68111761925,0.44712370175000005,-0.005695009249999997,-0.003398373750000001,0.6035631515,1.53032679675,-0.01066345775,0.0492338705,BB
Allegiant Travel Company,Transportation,6.0,1.191206433,0.24296797199999998,0.12614870075,0.21502721675,0.70436678175,2.5246365475,0.40870917575,0.2447249865,BB
Allegion plc,Consumer Services,7.0,1.644151197,0.446656229,0.074416131,0.173395871,0.98879797,88.26953125,6.01171875,0.124268652,BBB
Alliant Energy Corporation,Public Utilities,7.6,0.7881518296,0.0156674488,0.110873717,0.15895957219999998,0.7044728175999999,2.3869333796,0.1077972602,0.24152128619999996,A
Alphabet Inc.,Technology,9.0,5.4787313545,0.813982405,0.216887712,0.26044416000000004,0.176950155,0.2150819075,0.1379759015,0.373115557,AA
Altria Group,Consumer Non-Durables,7.333333333333333,0.8954514616666667,0.43603333799999994,0.24391772166666667,0.3099705406666667,0.8731066281666666,8.3318099415,1.3264353926666665,0.17583610149999998,BBB
Ameren Corporation,Public Utilities,7.75,0.978165602,0.07419579525,0.08351125275,0.19611560875,0.6894813165,2.240956728,0.07192354100000001,0.295615632,A
"America Movil, S.A.B. de C.V.",Public Utilities,8.0,0.937713857,0.228819471,0.120361236,0.228425795,0.748339709,3.057552606,0.361114892,0.280072745,A
"American Airlines Group, Inc.",Transportation,5.5,0.9694866759999999,0.07827932600000001,0.27553649750000003,0.48293986499999997,1.0092120605000001,2.0886568899999993,1.048787801,0.34373171399999997,BB
"American Axle & Manufacturing Holdings, Inc.",Capital Goods,6.666666666666667,1.5872478066666666,0.33250469833333335,0.042838929,0.07969100466666666,0.9533246986666667,42.17070138566667,1.6183163766666666,0.08413989566666667,BBB
American States Water Company,Public Utilities,9.0,1.591948049,0.4003238785,0.131480554,0.256962016,0.6433983285,1.8069684845,0.12514329000000002,0.278985925,AA
Amgen Inc.,Health Care,7.4,4.151593748000001,0.435245455,0.2874033748,0.3525496018,0.632812668,1.7331113926000001,0.23271490420000002,0.39466487159999997,BBB
"Amkor Technology, Inc.",Technology,6.0,1.5689817443333334,0.6492819660000001,0.031453071666666665,0.0678336675,0.7182409569999999,2.623890615666667,0.09884931116666666,0.18326412516666668,BB
Amphenol Corporation,Capital Goods,7.0,2.902674173333333,0.7597713783333333,0.13448485133333332,0.19289239,0.544696328,1.2069272513333333,0.23585396666666666,0.15830250033333335,BBB
Antero Resources Corporation,Energy,6.0,1.1138054026666666,0.094936537,-0.00031598100000000223,0.12368735433333337,0.5561630616666666,1.2586361333333334,0.04871588666666667,0.4442844043333333,BB
"Anthem, Inc.",Health Care,7.0,1.7688555620000002,0.1057460885,0.034919726,0.056599203,0.5967791490000001,1.4824086950000002,0.103246764,0.0442922965,BBB
Aon plc,Finance,7.75,1.07700964425,0.026243445,0.10386986000000001,0.151282829,0.752977623,3.0879862865,0.1743171275,0.1341756235,A
Apache Corporation,Energy,7.4,1.401477228,0.30012059100000005,-20.3593980122,-24.8125102996,0.5571162021999999,2.0159336426,-1.7871223716000002,3.1576822848,BBB
Apple Inc.,Technology,9.0,1.0944417359999998,0.24009832999999997,0.22230075249999998,0.29599814950000003,0.5539848915,1.2560685655000001,0.4007775015,0.33719029,AA
"Applied Materials, Inc.",Technology,8.0,5.8585312305,3.3017674835,0.162846707,0.201644367,0.31262623349999996,0.005385525000000002,-0.47636659299999995,0.175539993,A
ArcelorMittal,Basic Industries,6.0,1.340815552,0.218709399,-0.035920294,-0.008170238000000002,0.5419255505,1.269450701,-0.061203240000000006,0.058744593500000004,BB
Archer-Daniels-Midland Company,Consumer Non-Durables,8.0,1.7570137274,0.0861325372,0.0231380404,0.029856226200000002,0.5535930298,1.2410891136,0.093341138,0.030120058999999998,A
Arcos Dorados Holdings Inc.,Consumer Services,6.0,0.87274366325,0.25422744725,0.00402970575,0.03669264075,0.53586203375,1.7066753009999998,-0.006921626749999996,0.053783403,BB
Armstrong World Industries Inc,Consumer Non-Durables,6.0,2.018794408,0.561081824,0.03892562,0.077438017,0.714402467,2.501430801,0.122528616,0.084173554,BB
Asbury Automotive Group Inc,Consumer Durables,5.5,1.2794523915,0.002781922,0.022350634,0.04574299,0.8303227049999999,5.1294526805,0.39441985300000004,0.018968506500000003,BB
"Ascena Retail Group, Inc.",Consumer Services,6.0,1.3925785925,0.2917681725,-0.010728673499999999,-0.002452555999999998,0.461529199,0.8591440214999999,-0.039608156,0.0840077925,BB
Atkore International Group Inc.,Miscellaneous,5.0,2.845988224,0.977819765,0.038595653,0.083313203,0.779106072,3.527059702,0.228559433,0.102827652,B
Atlantic Power Corporation,Energy,5.0,2.1230639155,0.3612193545,-1.3313116495,-1.5115458135000002,0.7060785855,2.504440624,-0.0359038735,5.601530089500001,B
Atmos Energy Corporation,Public Utilities,7.2,0.7821542906000001,0.0681381442,0.0616155146,0.127345112,0.6680315776,2.0228835572,0.0941356112,0.16284784459999999,BBB
"Autoliv, Inc.",Capital Goods,8.0,1.594125346,0.472243609,0.056295664,0.084150651,0.553434373,1.23931252,0.154220603,0.086205527,A
Avery Dennison Corporation,Consumer Durables,7.0,1.236999705,0.16059458033333332,0.03671788733333333,0.045014385,0.707365675,2.4691632056666664,0.17141680066666667,0.06543601266666667,BBB
Avista Corporation,Public Utilities,8.0,0.88244736725,0.0826630665,0.08597774025,0.1596336205,0.69754263275,2.3125939787500003,0.094719822,0.18767922174999999,A
Axalta Coating Systems Ltd.,Basic Industries,5.0,1.978345833,0.403612549,0.006239326,0.084139816,0.832922851,4.985258926,0.026227625,0.057246954,B
"BCE, Inc.",Public Utilities,6.428571428571429,0.5798353902857143,0.05805171985714286,0.12249538971428572,0.21678585885714283,0.6525198504285713,1.9698825174285715,0.17155085057142858,0.283036438,BB
BP p.l.c.,Energy,8.0,1.075752492,0.169873946,0.065279533,0.102913913,0.615628851,1.616251972,0.225978775,0.057527394,A
BRF S.A.,Consumer Non-Durables,7.0,1.58476839475,0.3569165715,0.049444227,0.07895109275000001,0.541670082,1.18886781175,0.09132677075,0.0646197215,BBB
Babcock,Capital Goods,7.0,1.5801976496666665,0.4359087056666667,-0.026745140333333334,-0.028024691666666667,0.5786751410000001,1.4005109816666668,-0.07416680366666667,0.027368558,BBB
"Baidu, Inc.",Technology,8.0,3.7859834913333335,1.0014223376666667,0.3465482753333333,0.38523377833333333,0.4281017843333334,0.7912394006666666,0.30198315000000003,0.44508468133333334,A
Ball Corporation,Consumer Durables,6.6,1.1866507450000001,0.141242022,0.0436951644,0.0831048004,0.8404746343999999,5.4685269398,0.2918448198,0.0948803612,BBB
Barrick Gold Corporation,Basic Industries,7.0,2.04459569325,0.83431625825,-0.20845190725,-0.10000620425000001,0.537862413,1.4185252557499999,-0.220557637,0.3379095715,BBB
Baxter International Inc.,Health Care,7.6,1.927046135,0.5901217907999999,0.205473177,0.12002175320000001,0.6118590096000001,1.6782594264,0.31826653920000003,0.18663420479999998,A
Baytex Energy Corp,Energy,4.75,0.8663813015,0.0199690785,-0.24635309174999998,-0.225565926,0.5426241195,1.2039762315,-0.049687988,0.58660527475,B
"Beacon Roofing Supply, Inc.",Consumer Services,5.0,2.181598258,0.114944178,0.024760563,0.046549954,0.428741093,0.750519751,0.070519615,0.043472228,B
"Beazer Homes USA, Inc.",Capital Goods,4.166666666666667,517.4839156783333,32.624409724833335,-0.2805420416666667,-0.07943134449999999,0.8086687998333334,4.882654179333334,-0.00484328299999999,-0.10421424466666661,CCC
Bed Bath & Beyond Inc.,Consumer Services,7.0,2.0747528306666667,0.30867303333333335,0.07965794933333332,0.12935562599999997,0.5267388683333333,1.2052338126666666,0.31239405400000003,0.101223097,BBB
Belden Inc,Basic Industries,5.2,2.3836082692,1.1386084756,0.054165111200000005,0.0765456516,0.7004704032,2.4291270282,0.12465670079999999,0.0950564804,B
"Berry Global Group, Inc.",Consumer Non-Durables,4.0,1.954678363,0.207602339,0.012265978,0.083064343,1.038169426,-27.19897959,-0.290816327,0.099849365,CCC
"Bio-Rad Laboratories, Inc.",Capital Goods,7.0,3.8791845325,1.087864009,0.0633994925,0.10565076600000001,0.3914355645,0.6524172435,0.071427111,0.125479753,BBB
BioMarin Pharmaceutical Inc.,Health Care,4.0,4.2468019245,2.3025515094999998,-0.18571667149999999,-0.1240410525,0.371365887,0.5916729105,-0.0796198965,-0.1735171885,CCC
Biogen Inc.,Health Care,7.833333333333333,2.3586383035,0.5040488115,0.2643044015,0.36158081933333336,0.32786602933333336,0.5225065336666667,0.23714205283333334,0.33570094433333336,A
Black Hills Corporation,Public Utilities,7.0,1.0612567014,0.23708343999999998,0.048979193600000005,0.1400766706,0.6975908876,2.3446379558,0.0497987486,0.23883839819999997,BBB
Boeing Company (The),Capital Goods,8.0,1.206813006,0.243470466,0.09856696,0.004044519,1.0,22.75561878,1.92745377,0.058529134,A
Booz Allen Hamilton Holding Corporation,Consumer Services,6.0,1.473408828,0.233238274,0.029619152000000003,0.07205831900000001,0.817586539,8.3811286645,0.6701922895,0.0558812145,BB
BorgWarner Inc.,Capital Goods,7.75,1.386439887,0.34485807775,0.08275773475,0.11500163575,1.0,2.231552793,0.19843557575,0.100147899,A
Boston Scientific Corporation,Health Care,6.4,1.3935009432,0.13177997760000001,0.006841660799999999,0.0208373606,0.5945290936000001,1.52111287,0.003126227600000002,0.1303660994,BB
"Bottomline Technologies, Inc.",Technology,5.0,2.371993765,1.342578322,-0.0841823135,-0.0052749165,0.4702827775,0.8915152195,-0.074405704,0.18161037549999998,B
Boyd Gaming Corporation,Consumer Services,4.5,0.7577055047500001,0.437056553,0.045872719,0.117987767,0.84927038125,6.66915462475,0.09162661424999999,0.12435589775,CCC
Braskem S.A.,Basic Industries,7.0,1.0375601715,0.3377247495,0.039838821999999996,0.111416788,0.9356685840000001,22.126382227500002,0.982913405,0.145863405,BBB
Briggs & Stratton Corporation,Energy,6.0,2.7900038879999998,0.5604062093333334,0.007096517666666666,0.012677775333333334,0.5603767946666666,1.287913664666667,0.023775276,0.07762015566666666,BB
"Brinker International, Inc.",Consumer Services,6.0,0.408779885,0.072717098,0.061625688,0.097460344,1.144697959,-7.910947494,-0.942026945,0.121166948,BB
Bristol-Myers Squibb Company,Health Care,8.0,1.5330231498,0.4373259826,0.1325908402,0.17432681639999997,0.5708893859999999,1.3491551352,0.158017809,0.2293935474,A
British American Tobacco p.l.c.,Consumer Non-Durables,8.0,1.042425776,0.185897436,0.328945506,0.587331918,0.788650592,3.833659252,0.568076265,0.346284501,A
Broadcom Inc.,Technology,8.0,4.0002847164999995,2.1771247657500004,0.18398668475,0.2094872385,0.39430958725,0.967008214,0.21959097449999998,0.304714613,A
"Broadridge Financial Solutions, Inc.",Miscellaneous,7.0,1.4571768423333333,0.5039904433333333,0.09069532133333334,0.14010978733333335,0.5950461436666666,1.471241998,0.2606953613333333,0.11988824666666668,BBB
Brookdale Senior Living Inc.,Health Care,4.0,0.6465449905,0.11167783449999999,-0.0655527125,-0.027731058,0.740703456,2.868847438,-0.1188760255,0.0611324695,CCC
Brookfield Asset Management Inc,Consumer Services,7.0,1.326402225,0.284683134,0.067633444,0.1876613,0.563975824,3.407477413,0.062412581,0.126295523,BBB
Brookfield Renewable Partners L.P.,Public Utilities,6.0,0.502648795,0.2040691325,0.0109507955,0.24297118950000002,0.546956985,1.2074528365,0.0020407455,0.309464069,BB
Brunswick Corporation,Energy,6.6,1.8647068682,0.5103489808,0.080268269,0.0774145144,0.682571973,17.1873534304,0.7314805447999999,0.0603904842,BBB
"Builders FirstSource, Inc.",Consumer Services,5.0,1.6178144485,0.053818933,0.008131961,0.0312699265,0.920915028,13.3577543185,0.15657983450000001,0.037258458,B
Bunge Limited,Consumer Non-Durables,6.285714285714286,1.5450393641428573,0.064142657,0.01689193342857143,0.023679627285714287,0.5907164431428571,1.4786055155714286,0.08544309657142857,0.014732189857142858,BB
"CACI International, Inc.",Technology,6.0,1.51132621875,0.10362829225,0.0396105605,0.072667029,0.56421070125,1.30826057725,0.101906563,0.06490672224999999,BB
"CDK Global, Inc.",Miscellaneous,7.0,1.59371617,0.6188149805000001,0.0998103315,0.1732429015,0.771023869,3.9215130265,0.44835993350000003,0.1406020545,BBB
"CEVA, Inc.",Technology,4.333333333333333,10.805494776666668,1.3975381046666666,0.23326590699999997,0.21195231333333334,0.09258562399999999,0.10210366733333333,0.065733831,0.35894895099999996,CCC
"CF Industries Holdings, Inc.",Basic Industries,7.0,2.3988820184999997,0.9660726040000001,0.0436421305,0.15664710599999998,0.73098518,2.838179235,0.045356345000000006,0.2234132465,BBB
CMS Energy Corporation,Public Utilities,6.833333333333333,1.1499430183333332,0.08598192416666667,0.0712179605,0.1719773758333333,0.8082631131666668,4.219262128666666,0.12997551166666665,0.21746737116666667,BBB
"CSG Systems International, Inc.",Technology,7.0,1.9750723563333334,0.41887464,0.07717640266666666,0.15309796833333333,0.632067523,1.8075609083333333,0.17719511133333332,0.14714947,BBB
CSI Compressco LP,Energy,4.666666666666667,1.858918241666667,0.27258040466666666,-0.241409727,-0.24086886633333335,0.6775281976666667,2.559915773,-0.46176959033333337,0.1928519776666667,B
CSX Corporation,Transportation,7.285714285714286,1.188083788142857,0.3254503235714286,0.15554489871428573,0.29392251128571434,0.682461819,2.160818382285714,0.18092062685714286,0.27838016614285715,BBB
CVS Health Corporation,Health Care,7.666666666666667,1.4159830329999998,0.14132138483333334,0.032910693666666664,0.06070838566666667,0.5016270761666667,1.061435261,0.1203883695,0.054076098999999996,A
Cabot Corporation,Basic Industries,7.0,2.1649360551666668,0.2437627516666667,0.03964445983333333,0.05454905016666667,0.5596998445,1.2820893716666666,0.06665028449999999,0.12206352300000001,BBB
"Cadence Design Systems, Inc.",Technology,7.0,1.329227595,0.669131449,0.100509067,0.130710239,0.584498915,1.406732585,0.119151993,0.200338788,BBB
Caesars Entertainment Corporation,Consumer Services,3.25,0.9808284405000001,0.64862673475,-0.301180644,-0.142220183,1.0681363555,-18.0670787235,2.7841489185,-0.010338467,CC
California Resources Corporation,Energy,4.333333333333333,0.7268725786666667,0.017272058666666666,-0.5474244036666667,-1.0189261673333334,1.0028683286666666,-5.773677756999999,0.9432667126666666,0.27330567266666667,CCC
"Calumet Specialty Products Partners, L.P.",Energy,4.8,1.524218313,0.0683743778,-0.0197872512,0.018628877999999998,0.732934256,4.2498120864,-0.3274639942,0.04369547580000001,B
Campbell Soup Company,Consumer Non-Durables,8.0,0.7934653088,0.13488369979999998,0.089206175,0.14734788000000001,0.8376079806,5.2605544128,0.597073302,0.1349609718,A
Canadian National Railway Company,Transportation,8.0,0.8402468475,0.267432165,0.2722106711666667,0.38658226566666665,0.585105929,1.4115650963333335,0.23199728733333333,0.36240281533333335,A
Canadian Pacific Railway Limited,Transportation,7.0,1.472423803,0.643686502,0.142670797,0.231534323,0.583997655,1.403832605,0.123291532,0.317952063,BBB
Canadian Solar Inc.,Technology,6.0,0.9355355315,0.172774448,0.0364299845,0.028213708000000004,0.822591015,4.735941834,0.14270548700000002,-0.003919315,BB
"Cardinal Health, Inc.",Health Care,8.0,1.227897403,0.20589474766666668,0.011530274333333333,0.019477814,0.7630634813333333,3.256815108,0.18252564966666665,0.021139308666666665,A
Cardtronics plc,Miscellaneous,7.0,0.8048922956666665,0.21705496066666666,0.05354461333333333,0.11048343866666666,0.7189282583333334,2.632068444,0.16731559566666668,0.20202958999999998,BBB
Carlisle Companies Incorporated,Basic Industries,7.0,2.2700857875,0.1804084575,0.0651816065,0.10111096450000001,0.5023729635,1.012649359,0.135651052,0.09658744650000001,BBB
Carnival Corporation,Consumer Services,8.0,0.238829186,0.085265837,0.169564952,0.18738178,0.419637354,0.723060583,0.122980927,0.313258893,A
Carpenter Technology Corporation,Basic Industries,7.0,3.066621958857143,0.6033833884285714,0.03740252542857143,0.06411697785714286,0.5767484594285713,1.3869285808571428,0.06584500271428571,0.09813007042857143,BBB
"Caterpillar, Inc.",Capital Goods,7.5,1.3490855336666667,0.2162578403333333,0.05769917116666667,0.08815624083333333,0.8055622896666668,4.234691928499999,0.20691698816666668,0.13545749033333335,A
Celanese Corporation,Basic Industries,6.0,1.951624549,0.492418773,0.089753068,0.102025728,0.842568678,5.351976137,0.452647278,0.094336833,BB
Cementos Pacasmayo S.A.A.,Capital Goods,6.0,5.171131599,2.900827024,0.15518289,0.240991518,0.361077958,0.587300129,0.096774469,0.193457317,BB
Cenovus Energy Inc,Energy,6.857142857142857,1.8041260534285715,0.7385614204285715,0.04517202657142857,0.10717881242857143,0.5720025054285715,1.346455986142857,0.07577702242857143,0.17026265157142856,BBB
Centene Corporation,Health Care,6.0,1.0775547474,0.5911137986,0.0131349786,0.0240099704,0.657955566,1.9812466456000002,0.1029044904,0.0381721572,BB
Central Garden & Pet Company,Consumer Durables,5.0,3.601084445,0.21732689700000002,0.01026980075,0.04175221775,0.577803477,1.37150369225,0.034831629749999996,0.0365047885,B
Centrus Energy Corp.,Basic Industries,5.0,0.90934418,0.175071043,-0.121529637,-0.176443595,1.268660217,-4.722173723,0.346791794,0.06210325,B
Century Aluminum Company,Basic Industries,5.0,2.28168567,0.6321020695,0.002116880500000001,0.01564723325,0.43753513,0.7792359584999999,0.0038839534999999996,0.03236223925,B
"Charles River Laboratories International, Inc.",Health Care,7.0,1.921472479,0.459316497,0.072907239,0.1441742665,0.6445169915,1.813100282,0.1368709015,0.2028602845,BBB
Chemed Corp.,Health Care,8.0,0.8305866323333334,0.13279328833333334,0.06476341133333334,0.10984927233333334,0.456887979,0.852255112,0.20231147033333333,0.09785909133333333,A
Chesapeake Energy Corporation,Energy,6.0,0.691901647,0.20516745314285714,-0.18571785799999999,-0.19220194699999998,0.7155999700000001,0.6918669592857142,-0.5034132602857143,0.2627928797142857,BB
Chevron Corporation,Energy,9.0,1.4522594975,0.48024717675,0.08143191175,0.13264681725,0.41743279499999997,0.71668348525,0.12239315149999999,0.1505942595,AA
"Choice Hotels International, Inc.",Consumer Services,7.0,1.6706196016666668,0.9887571780000001,0.15609814866666666,0.27197869666666663,1.6761757933333332,-2.5164119449999998,-0.28723075366666667,0.21364341500000003,BBB
"Churchill Downs, Incorporated",Consumer Services,5.0,0.55095816,0.1630626775,0.0817487865,0.108788823,0.6039013635,1.8043270004999998,0.11347771849999999,0.202075482,B
Ciena Corporation,Public Utilities,5.0,2.5320844365,0.874573119,-0.0181259545,0.020109733499999997,0.9077423735,-9.7321262805,0.5260507719999999,0.0643137475,B
Cimarex Energy Co,Energy,6.75,1.3146449465,0.60848872475,-0.21626038125000002,-0.32858356325,0.45484334225,0.8375350265,-0.10967236825000001,0.6354979777499999,BBB
Cincinnati Bell Inc,Public Utilities,5.166666666666667,0.8872834271666666,0.08379493966666667,0.07082050366666666,0.12827599933333333,1.2446722426666668,-6.228228957333333,-0.3504760253333333,0.13055584866666667,B
Cintas Corporation,Consumer Non-Durables,8.0,2.860495925,0.7064729456666666,0.08384260399999999,0.1370223123333333,0.513687777,1.0594805326666668,0.1789584936666667,0.1304126303333333,A
"Clean Harbors, Inc.",Basic Industries,6.0,1.909830736,0.40389279,0.059268488,0.092418877,0.625680968,1.671517913,0.090549916,0.148253491,BB
Clearwater Paper Corporation,Basic Industries,6.0,2.5172752485,0.097072235,0.0165195325,0.0590703235,0.677572743,2.1037383925000004,0.05695595,0.08836039100000001,BB
Cleveland-Cliffs Inc.,Basic Industries,5.2,1.5405512417999998,0.42224763379999997,-0.353379809,-0.31207676279999996,1.2804457178,-0.83165911,1.0784615124,0.13291919940000002,B
Clorox Company (The),Consumer Durables,7.0,0.802316703,0.15964617650000001,0.1027099395,0.1027099395,1.0258285155,-41.333118,-5.2420757965,0.12267960550000001,BBB
Coca-Cola European Partners plc,Consumer Non-Durables,8.0,0.938683948,0.0777667,0.081055459,0.119924159,0.875500286,7.032146958,0.588978186,0.145678622,A
"Cogent Communications Holdings, Inc.",Consumer Services,5.0,4.267239571285715,3.5741242194285716,0.030771932,0.11770497757142857,0.8261404734285714,-7.422788863999999,-0.052650475428571424,0.23543994842857144,B
Colfax Corporation,Capital Goods,6.0,1.6381544559999999,0.2503341496,0.0422449316,0.0719064286,0.5924330402,1.5047380452,0.0593803816,0.07924554660000001,BB
Colgate-Palmolive Company,Consumer Non-Durables,9.0,1.184065548,0.25048506975,0.12160355575,0.2033723475,0.8967904255,-5.215323897499999,-0.18225479774999992,0.18294966075000002,AA
Columbus McKinnon Corporation,Capital Goods,5.0,2.752406445,0.841221855,-0.068598361,0.035438352,0.661400124,1.953338349,-0.221713764,0.006258766,B
Comcast Corporation,Consumer Services,7.833333333333333,0.8002503993333333,0.228751453,0.10309929699999999,0.20624998233333333,0.689769149,2.2282467103333334,0.13741196516666668,0.24183049533333334,A
Commercial Metals Company,Basic Industries,6.25,3.0294192535,0.5125788465,0.019447519,0.0223157265,0.6294106992499999,1.701117897,0.10510054625000001,0.02956839525,BB
"Commercial Vehicle Group, Inc.",Capital Goods,5.0,2.7460632703999996,0.6723977056,0.0140437062,0.0348337498,0.8854163082,-506.48558057400004,-11.427013272,0.0322731844,B
"Compass Minerals International, Inc.",Basic Industries,6.0,2.5297911322499997,0.57299333275,0.1433910935,0.19043475425,0.63070559825,1.75640474125,0.26128823425,0.16821990375,BB
"Comstock Resources, Inc.",Energy,4.666666666666667,0.997662012,0.7104620346666667,-1.6733997393333333,-1.907216072,1.0218004656666666,-3.549929259666667,2.1822500463333334,0.235446211,B
"ConAgra Brands, Inc.",Consumer Non-Durables,7.0,1.107999517,0.055313878,-0.015954625,-0.031296582,0.741993593,2.875872735,-0.055810871,0.093517092,BBB
Concho Resources Inc.,Energy,5.8,0.9936605618,0.0916622134,-0.020675376000000002,0.06437638620000001,0.5071240372,1.0842679396,0.0455970776,0.6685914354,BB
ConocoPhillips,Energy,8.2,1.1929741302,0.3041585398,0.0649007286,0.0649007286,0.5740298751999999,1.3507037148,0.11260592700000001,0.2254349114,A
"Consolidated Communications Holdings, Inc.",Public Utilities,5.0,1.363166547,0.6815910025,0.0408839485,0.136602253,0.942063492,18.080668414999998,0.2969051925,0.2962894195,B
"Continental Resources, Inc.",Energy,6.4,0.8129455243999999,0.024827500199999998,0.168052549,0.3375056306,0.6546124341999999,1.9200191910000002,0.1467819068,0.6830759892,BB
Cooper Tire & Rubber Company,Consumer Durables,6.5,2.9369574094999997,1.122709758,0.066965248,0.103483462,0.629578607,1.719342665,0.235195885,0.09709278099999999,BB
"CoreLogic, Inc.",Technology,5.0,1.0277891268571429,0.3040193554285714,0.03510067785714286,0.11571949157142858,0.6512181205714286,1.9920747137142858,0.05653808885714286,0.2000975072857143,B
Corning Incorporated,Basic Industries,7.8,4.306085593400001,2.2701059898000002,0.24468124279999998,0.179757216,0.27852636940000003,0.389331723,0.0983984834,0.3907589448,A
Costco Wholesale Corporation,Consumer Services,8.6,1.1403582316,0.33183482900000005,0.0183597126,0.0288136892,0.6096583216,1.6109311614,0.1678908248,0.034346707,AA
Coty Inc.,Consumer Non-Durables,6.0,1.044846917,0.200733075,0.03607643,0.058448874,0.949269035,18.71182676,0.435591338,0.115288221,BB
Covanta Holding Corporation,Basic Industries,5.25,1.5717172975,0.35028408725,0.026299227999999997,0.10881753350000001,0.80636574825,4.299277958,0.0512716005,0.188999212,B
Crane Co.,Capital Goods,7.5,1.905665674,0.50999415525,0.061077363999999995,0.09871156874999999,0.68187129825,2.15997320025,0.14932797375,0.0812531175,A
Cresud S.A.C.I.F. y A.,Finance,4.666666666666667,0.960198526,0.24931994733333332,-0.050688560333333334,0.22636077066666668,0.5311938453333332,2.0909535373333337,-0.024457901,0.2513413563333333,B
Crown Castle International Corporation,Consumer Services,6.25,1.1602624480000001,0.26407673725,0.1570759565,0.2939053465,0.710412314,2.6761116825,0.08746886175,0.4170666375,BB
Cummins Inc.,Energy,8.333333333333334,2.1766957925,0.49661060366666665,0.08679129633333334,0.12530456416666666,0.510612592,1.0487957466666666,0.23462456283333333,0.1042808135,A
DCP Midstream LP,Public Utilities,6.5,1.2558485855,0.025798669,0.118135712,0.10105336449999999,0.48618204249999997,0.946651916,0.1117904255,0.243171372,BB
DENTSPLY SIRONA Inc.,Health Care,7.0,1.398896244,0.106519646,0.096354284,0.118503317,0.611372802,1.573160101,0.132310504,0.155048354,BBB
DISH Network Corporation,Consumer Services,5.0,1.829302438,1.175738215,0.096051346,0.146483813,0.834930078,5.058038838,0.312662453,0.185639835,B
DTE Energy Company,Public Utilities,7.833333333333333,1.0831662556666666,0.0227796035,0.07387999533333334,0.13583450633333333,0.7101696853333334,2.458092824,0.09258516866666666,0.20505848366666668,A
DaVita Inc.,Health Care,5.6,1.7097131774,0.4154528942,0.065522376,0.1706291062,0.7427653908,2.9077788854,0.14076655759999998,0.17220699420000002,BB
Dana Incorporated,Capital Goods,7.0,2.3687621316666667,0.8681787316666667,0.036831155000000004,0.041174744,0.7858109436666667,3.8084602396666667,0.233392932,0.07643748166666667,BBB
Danaher Corporation,Capital Goods,8.5,1.6335475885,0.37547895325,0.142431152,0.16874206175,0.4166683235,0.73459640075,0.12543966974999998,0.18109285,A
Darling Ingredients Inc.,Consumer Non-Durables,6.2,2.8922615646,1.2987728744,0.0561371522,0.0991928774,0.4490985800000001,0.9269614288,0.0891631504,0.1175131908,BB
Deere & Company,Capital Goods,8.333333333333334,0.6118764573333334,0.19280132933333335,0.09743098266666667,0.14849813533333334,0.8461037186666666,5.551083416333333,0.36880099633333335,0.09295521733333334,A
"Delta Air Lines, Inc.",Transportation,6.5,0.56262639,0.160857335,0.067756547,0.123960132,0.913945996,-14.1312996315,-0.09730249699999999,0.137726848,BB
Deluxe Corporation,Consumer Durables,6.6,0.6815124713999999,0.1527681054,0.1149970446,0.1979485132,0.6674718268000001,2.1570154169999998,0.36251805859999997,0.1666681722,BBB
Denbury Resources Inc.,Energy,5.6,1.2689934193999999,0.0499674512,11.1678932366,14.926418910399999,0.5920134238,1.6983672868,-0.6201487395999999,28.147798916800003,BB
Devon Energy Corporation,Energy,7.5,1.267841412,0.6806926301666666,-0.028769982666666683,-0.09613735466666667,0.5434721958333334,1.382869708,-0.25511993583333337,0.4756846291666667,A
"Diamondback Energy, Inc.",Energy,6.0,8.560948114,7.961011168,-53.86227154,-22.39458225,0.308844267,0.446851922,-0.044634401,108.381201,BB
Dollar General Corporation,Consumer Services,6.666666666666667,1.672721495,0.24652064666666665,0.708377869,-0.19562781566666665,0.6698038706666667,1.4651552356666666,0.16855150933333332,-0.047867868,BBB
"Dominion Energy, Inc.",Public Utilities,8.0,0.70190634125,0.049015157499999996,0.105073369,0.2156244,0.7784746975,3.5198866655,0.10941640625,0.3093007485,A
Domtar Corporation,Basic Industries,6.8,2.4128887488,0.5527566456,0.0435492926,0.064488553,0.5290091018,1.1270361806,0.08359742839999999,0.10682277259999999,BBB
Dover Corporation,Technology,8.0,1.8710018005999998,0.45595772419999997,0.1054903656,0.1403384154,0.5558765728,1.2852629996,0.19003795880000002,0.1307966396,A
Duke Energy Corporation,Public Utilities,8.0,0.9878026101666667,0.16461524266666666,0.10153704316666667,0.20606004,0.6568695728333332,1.9245783688333333,0.0586767915,0.2730292296666667,A
E.W. Scripps Company (The),Consumer Services,6.0,2.442878592,1.177801067,0.012115278,0.033526721,0.498150051,0.99262748,0.02031543,0.117430397,BB
ENI S.p.A.,Energy,7.833333333333333,1.3778007716666665,0.16631132633333334,0.005977830333333332,0.07305749516666667,0.562814472,1.3414456378333333,0.03281306850000001,0.13048934383333333,A
EPR Properties,Consumer Services,6.5,0.3768787165,0.06404738583333333,0.44496273533333336,0.4296950706666667,0.49831983649999995,0.9998225635,0.09307470283333334,0.6513022071666666,BB
EQT Corporation,Energy,6.833333333333333,2.0822576231666665,1.0453736611666666,53.806074448000004,110.09604497283333,0.5990326968333334,1.5023934936666665,0.076059924,183.96670798366668,BBB
Eagle Materials Inc,Capital Goods,6.0,3.151224407,0.04470557,0.133443872,0.133443872,0.447594146,0.810263221,0.146648202,0.232417017,BB
Eastman Chemical Company,Basic Industries,7.0,1.712820257,0.20567180000000002,0.0966177892,0.1520666636,0.7226182064,2.6756143964,0.2593332438,0.13888243120000002,BBB
Eastman Kodak Company,Miscellaneous,5.0,2.635294118,1.018823529,0.009721322,0.09073234,1.041103604,-25.32876712,-0.205479452,-0.008425146,B
"Eaton Corporation, PLC",Technology,8.0,1.5781808138333335,0.11751539416666668,0.08087975516666666,0.08819703433333333,0.5495957348333333,1.2308324243333333,0.12372311366666666,0.09564401500000001,A
Ecolab Inc.,Basic Industries,7.0,1.20199634575,0.068230002,0.0811794465,0.12887850875,0.62575355425,1.6721334775,0.1548457475,0.13498584225,BBB
Ecopetrol S.A.,Energy,7.0,1.2151921895,0.44737569466666666,0.13617553466666668,0.2782956518333333,0.5279285766666667,1.2119416349999999,0.22419987049999998,0.29256979083333334,BBB
Edgewell Personal Care,Consumer Non-Durables,6.75,2.1198898662500003,0.76433353425,0.028429236250000003,0.009492345250000004,0.6454784140000001,1.83341039625,0.07091954225,0.111697556,BBB
Edison International,Public Utilities,7.428571428571429,0.739103317142857,0.11966417371428571,0.06782387585714286,0.15145079714285714,0.7446898627142857,2.927475380571429,0.065802553,0.2899600228571429,BBB
Edwards Lifesciences Corporation,Health Care,7.0,4.993634259,1.216435185,0.191493522,0.191493522,0.427753514,0.747498717,0.251218574,0.231092642,BBB
El Paso Electric Company,Public Utilities,8.0,0.988908148,0.148981788,53.20493773333334,96.73653619333334,0.67506334,2.08052752,0.08911015466666666,150.53070784,A
Eldorado Gold Corporation,Basic Industries,5.75,5.03021444725,3.83380873225,-0.9531550147500001,-0.711745013,0.12530043125,0.17377472975000002,-0.160588053,0.14869618125,BB
Electronic Arts Inc.,Technology,7.0,1.5774331455,0.891919315,0.2283823915,0.207121696,0.5121992045,1.050337644,0.31430431999999997,0.257265414,BBB
Eli Lilly and Company,Health Care,8.333333333333334,1.3614340203333333,0.406839784,0.14840890666666665,0.165144568,0.558878516,1.2862007353333333,0.195496487,0.20322953166666666,A
Embraer S.A.,Capital Goods,7.0,1.9503588015000002,0.5889190504999999,0.015472416499999999,0.055433596,0.659137225,1.998558099,0.0278017365,0.114199718,BBB
Emerson Electric Company,Energy,8.0,1.3835005673333332,0.3405752416666667,0.09016761966666668,0.13798440766666667,0.5711366099999999,1.332455178,0.21394011466666665,0.13633392966666666,A
Enbridge Inc,Energy,7.0,0.7983049816000001,0.1423632574,0.0350713644,0.0716837728,0.7271325855999999,3.3053955270000004,0.0809932136,0.1124296164,BBB
Endo International plc,Health Care,5.5,1.3993670485,0.40201703175000003,-0.219931652,-0.014157395749999996,0.7309819495000001,4.60709408575,-0.42710400750000005,0.13530011749999998,BB
Enel Americas S.A.,Public Utilities,7.0,1.5029929924999998,0.483356059,0.09945881200000001,0.34968536100000003,0.5011434165,1.32589,0.105230068,0.347072091,BBB
"Energizer Holdings, Inc.",Miscellaneous,6.5,2.1860328275,0.6544317335000001,0.041509484500000006,0.072758753,0.715225912,-13.73290467,0.141835496,0.1093256785,BB
Enersys,Consumer Non-Durables,5.8,2.514996913,0.5364526196,0.0645391406,0.0955340512,0.4808462982,0.9414296317999999,0.1376400618,0.086976652,BB
"Entegris, Inc.",Consumer Non-Durables,5.0,4.04877243,1.992737112,0.074271058,0.109208867,0.515734586,1.064983316,0.10000959,0.11184502,B
Entercom Communications Corp.,Consumer Services,4.0,2.592712912,0.115453214,0.179004878,0.207649317,0.726807746,2.660425891,0.272791705,0.223462154,CCC
Entergy Corporation,Public Utilities,7.75,1.14397311125,0.33997229625000003,0.02272782375,0.056003353250000006,0.79490217725,3.914666129,0.019155166,0.35747588775,A
Enterprise Products Partners L.P.,Public Utilities,7.75,0.7262623895,0.0052706720000000006,0.06566264425,0.08884678125,0.61396426375,1.59563456575,0.15818000225,0.09594127250000001,A
Entravision Communications Corporation,Consumer Services,5.666666666666667,2.8518480758333333,1.258218065,0.15136974066666667,0.22283466416666667,0.7982402293333334,-124.05753383383332,3.0949293958333333,0.18461853866666667,BB
"Equifax, Inc.",Finance,7.6,0.9420002350000001,0.2491048734,0.14045378660000002,0.253681305,0.5192555064000001,1.0886915816,0.15257366220000002,0.23888120200000001,A
"Equinix, Inc.",Consumer Services,7.0,1.42659,0.727597587,0.035105312,0.171301463,0.653735681,1.887967211,0.029043739,0.28144604,BBB
Equity Residential,Consumer Services,7.0,0.19817175933333334,0.19817175933333334,0.441704307,0.31148182566666666,0.5453139833333333,1.199477709,0.10607169133333333,0.45482556933333335,BBB
"Estee Lauder Companies, Inc. (The)",Consumer Non-Durables,8.0,2.03759003425,0.6373374165,0.0949476055,0.1435401665,0.889455287,2.02537233875,0.29885162325000003,0.13817852549999998,A
Eversource Energy,Public Utilities,8.0,0.875909679,0.008009593,0.111379418,0.221772768,0.66147448,1.953987045,0.085585935,0.17901395,A
Exelon Corporation,Public Utilities,7.142857142857143,1.315339111142857,0.2796517141428571,0.08008879571428572,0.15718278300000002,0.7380561251428571,2.8355691467142856,0.09948085714285715,0.24914471871428573,BBB
"Expedia Group, Inc.",Consumer Services,7.0,0.895684202,0.3239813905,0.1314140525,0.178831266,0.6300033415,1.722878025,0.1862036295,0.2358130335,BBB
Exxon Mobil Corporation,Energy,9.0,0.811726606,0.06826948133333334,0.07111584333333333,0.112903843,0.49734843799999995,0.9895414193333334,0.15608535199999998,0.108285754,AA
FMC Corporation,Basic Industries,7.25,1.7738701782500002,0.08653754925,0.10239316325,0.1159235965,0.6991951977499999,2.33554218125,0.23783334774999998,0.060732639000000005,BBB
"FTI Consulting, Inc.",Consumer Services,6.0,2.1846486834,0.5652787902,0.0175966366,0.068331345,0.5157465748,1.0777467244,0.0273858932,0.09557886560000001,BB
FedEx Corporation,Transportation,8.5,1.826340761,0.640823164,0.03775119725,0.0618047995,0.53069487725,1.1492401,0.10874966825,0.10644917625,A
Ferro Corporation,Basic Industries,5.0,2.210208061,0.25547843425,0.0490103225,0.02149048925,0.69557290925,2.4020724212499998,0.19988606974999998,0.03449958275,B
Fiat Chrysler Automobiles N.V.,Capital Goods,5.5,0.9731670375,0.4714941115,0.004542906,0.025589981499999997,0.8487069014999999,5.7265221275,0.03013092,0.0877034515,BB
"Fidelity National Information Services, Inc.",Miscellaneous,6.8,1.4295083512,0.3289813112,0.0888005224,0.1823198978,0.5525077918,1.2648287176,0.0775836888,0.182557302,BBB
FirstEnergy Corp.,Public Utilities,6.4,0.587026689,0.0262876116,0.037873100199999996,0.1154939492,0.7464039518,2.9581534644,0.0453971672,0.1856276118,BB
"Fiserv, Inc.",Technology,7.0,1.001331558,0.190467891,0.142175585,0.2441856945,0.6811531749999999,2.1724828,0.248250368,0.25709011800000003,BBB
Flex Ltd.,Technology,6.5,1.288125267,0.241396634,0.017390135166666668,0.018608873,0.8001040303333333,4.025402923000001,0.19889595533333335,0.038014194,BB
Flowserve Corporation,Capital Goods,7.0,1.8535244241666666,0.25686714316666664,0.0809370475,0.12952552966666667,0.6143580285,1.6370816223333333,0.19946038466666668,0.08740442500000001,BBB
Fluor Corporation,Basic Industries,8.0,1.705081334,0.62393524825,0.02407668525,0.045492706,0.5914215475,1.4578547425,0.16361007125,0.035904513,A
"Foot Locker, Inc.",Consumer Services,6.0,3.7449668391666666,1.4297377773333333,0.05979776566666667,0.07401201116666667,0.30218371650000003,0.4334822056666667,0.1623905811666667,0.08363355416666667,BB
Fortis Inc.,Public Utilities,7.0,0.6265655109999999,0.07997051599999999,0.1078275805,0.21344036,0.648587815,2.0111682275,0.0633462515,0.26155712249999996,BBB
Fortive Corporation,Capital Goods,7.0,1.697033754,0.547698602,0.140144273,0.200183153,0.671799067,2.046913948,0.324528442,0.182655078,BBB
"Freeport-McMoran, Inc.",Basic Industries,6.5,2.4947207005000003,0.72253605675,-0.11111156775,-0.019442412249999985,0.63453829175,2.308901229,-0.292441175,0.24801839525,BB
GATX Corporation,Consumer Services,6.2,1.7782445338000001,1.3580650606,0.1405504968,0.1609845944,0.8033070068000001,4.0988731146,0.14775166,0.34412849759999997,BB
GCP Applied Technologies Inc.,Basic Industries,6.0,1.475702479,0.325950413,0.036708166,0.104815086,0.430920658,0.762855929,0.08521037,0.138960088,BB
Gamestop Corporation,Consumer Services,6.5,1.193700067,0.341370373,0.040735294000000005,0.0649781265,0.481391119,0.935451864,0.173719476,0.068031517,BB
"Gartner, Inc.",Consumer Services,9.0,0.862110991,0.281812055,0.08119762,0.133143571,1.060882353,-17.42512085,-1.326548338,0.159755919,AA
General Dynamics Corporation,Capital Goods,8.333333333333334,1.3066308836666667,0.2801059086666667,0.06880646083333333,0.10963563833333334,0.6459234785,1.8427526121666666,0.180628947,0.09236712600000001,A
General Electric Company,Energy,9.0,2.009635121666667,1.0574785193333334,0.10315028133333333,0.06573239133333335,0.7980096766666667,3.9526529383333333,0.13037674133333332,0.121054381,AA
"General Mills, Inc.",Consumer Non-Durables,7.0,0.8680460323333333,0.1354217295,0.09882278500000001,0.15785704966666667,0.720562523,2.6594128035,0.2787515603333333,0.142717727,BBB
General Motors Company,Capital Goods,6.666666666666667,1.2236257603333334,0.27416556733333336,0.04110084866666667,0.024988755333333335,0.7797773853333334,3.5979789226666665,0.15993507399999998,0.074794076,BBB
"Genesis Energy, L.P.",Energy,5.2,1.198225891,0.0322844244,0.0553541164,0.0371391056,0.46344578599999997,0.9872255435999999,0.081032086,0.060681336399999994,B
Genpact Limited,Consumer Services,6.333333333333333,2.318060715,0.9608974236666666,0.09963108700000001,0.13998642333333333,0.5303594696666667,1.1337566506666665,0.170018246,0.14751379499999998,BB
"Gibraltar Industries, Inc.",Capital Goods,6.0,2.3862368487500003,0.60350884325,-0.015797039000000002,0.01035748475,0.4990787735,1.005231387,-0.034887394999999995,0.06431879725,BB
Global Partners LP,Energy,5.0,1.4098528126666665,0.006252343333333334,0.004442049666666667,0.008359045333333334,0.7660202353333334,3.478208711,0.127224902,0.013018544333333333,B
Global Payments Inc.,Miscellaneous,7.0,1.094960251,0.215769136,0.100240904,0.164615509,0.869168944,6.643445175,0.366819002,0.153116142,BBB
Gogo Inc.,Consumer Services,4.0,2.368720202,1.85664902,-0.214844436,-0.089525004,0.934091898,14.17264144,-1.625696805,0.209340212,CCC
Graham Holdings Company,Consumer Services,7.0,1.4933484617500001,0.5457698179999999,0.12364529125,0.08016529725,0.465251877,0.87374051,0.14497514475,0.10285623525,BBB
"Gray Television, Inc.",Consumer Services,5.0,3.8751234549999998,1.9171828940000002,0.07121929099999999,0.261322509,0.8113122895,4.3199093264999995,0.1089511375,0.21556546850000002,B
Great Lakes Dredge & Dock Corporation,Basic Industries,4.6,1.870967518,0.33365481680000003,-0.0038029222000000003,0.0471461438,0.6894802423999999,2.2590569166,-0.015799375200000004,0.046644052400000004,B
"Green Plains, Inc.",Basic Industries,5.0,1.547677525,0.664782489,0.01426861,0.035465508,0.644032649,1.809246403,0.07956425,0.035296156,B
Griffon Corporation,Capital Goods,6.0,2.6663230645,0.518586923,0.005237694166666668,0.03504724966666667,0.6629232051666666,2.0462018195,0.018867543333333334,0.043731520999999995,BB
"Group 1 Automotive, Inc.",Consumer Durables,6.0,1.06038175025,0.012192913,0.01112205125,0.0296184605,0.76909038425,3.38224719225,0.11642036349999998,0.018609689999999998,BB
Gulfport Energy Corporation,Energy,5.0,4.180666504,3.315562843,-2.538698142,-2.249617787,0.48287544,0.933770077,-0.448606891,0.875445052,B
"HC2 Holdings, Inc.",Capital Goods,4.666666666666667,4.592849402,0.5002769530000001,-0.039566922,-0.007925734,0.946712609,33.12784820533333,-0.8994522253333335,0.009478891,B
"HCA Healthcare, Inc.",Health Care,5.25,1.49306340175,0.1061355075,0.045038056,0.0555218715,1.2790040915,-4.6634400424999995,-0.217997405,0.1074507145,B
"HD Supply Holdings, Inc.",Consumer Services,5.0,2.15068153,0.19186514049999998,0.099789888,0.0845999655,1.0008711639999999,-0.9438313530000002,0.9872736280000001,0.0451664465,B
HP Inc.,Technology,7.25,1.087381899,0.253707335,0.010249599249999998,0.028037131250000003,0.744613246,2.9843351915,-0.0014107497499999955,0.10029544525,BBB
Halliburton Company,Energy,8.25,3.032362891,0.848318298,0.0661759165,0.11139901225,0.51368429525,1.0792197322500001,0.135834939,0.13654112025,A
Hanesbrands Inc.,Consumer Services,6.0,2.0543813526666668,0.18813997733333332,0.07895366799999999,0.11530204466666667,0.7521209813333334,3.244316796,0.3336530303333333,0.10788333066666667,BB
"Hanger, Inc.",Health Care,6.0,2.589849329,0.070288428,0.021011532,0.0774386735,0.5862189015,1.442490362,0.035181233000000006,0.065728905,BB
Harsco Corporation,Consumer Services,6.166666666666667,1.4009247643333333,0.1492056815,-0.03886824033333333,0.00807656,0.8022134663333333,6.015513923833333,-0.2789140505,0.08511633733333333,BB
Hecla Mining Company,Basic Industries,5.0,2.978281238,2.010633034,0.046564926,0.11791009,0.174374769,0.211203294,0.013141163,0.214907378,B
"Helix Energy Solutions Group, Inc.",Energy,6.0,3.4099678260000004,2.323012957,-0.08007374733333332,0.005011146000000004,0.419488678,0.7332523213333334,-0.03448825233333334,0.201189297,BB
Hershey Company (The),Consumer Non-Durables,8.0,1.247040196,0.40029958649999997,0.0951272685,0.14255501375,0.78835448475,4.0773599557499995,0.64474685175,0.15691921450000001,A
Hess Corporation,Energy,6.75,1.56627521575,0.75689767925,-0.33056370075,-0.26191830225,0.442871856,0.8000083775,-0.0677079965,0.2639296695,BBB
Hewlett Packard Enterprise Company,Technology,7.0,1.407295382,0.444314026,0.047229739,0.029228319,0.587363111,1.423438199,0.073386015,0.070259274,BBB
Hexcel Corporation,Basic Industries,6.0,2.1422404495,0.1885167465,0.11237932449999999,0.158242933,0.4388889065,0.784882519,0.18499780500000002,0.142087032,BB
Hill-Rom Holdings Inc,Health Care,6.333333333333333,1.789032665,0.3027358766666667,0.03555698466666667,0.06708141266666667,0.6648304636666666,2.1774657046666666,0.07261812566666666,0.112721848,BB
Hilton Worldwide Holdings Inc.,Consumer Services,6.0,1.077526675,0.2488169495,0.0943197275,0.1715162925,0.7926853895,3.89721352,0.1881055225,0.126869866,BB
"Holly Energy Partners, L.P.",Energy,6.0,0.879786823,0.056491851,0.393592228,0.485264014,0.749611647,2.993795982,0.335404872,0.603786162,BB
HollyFrontier Corporation,Energy,7.0,2.223255055333333,0.5685941323333333,0.039028481999999996,0.07135271916666668,0.43201095733333333,0.7746920574999999,0.12346950816666667,0.06368431749999999,BBB
Honeywell International Inc.,Capital Goods,8.666666666666666,1.3620363493333334,0.4069523066666667,0.10974276166666667,0.15120844966666666,0.6187815936666666,1.6242221816666664,0.24183855666666668,0.12566956233333335,AA
Horizon Global Corporation,Capital Goods,5.0,1.5434212975000001,0.2183100765,-0.0023084129999999996,0.021854436499999998,0.9706052785,91.37228677499999,1.8840234860000002,0.0506512905,B
Hormel Foods Corporation,Consumer Non-Durables,8.6,2.412798246,0.5305253102,0.0639390218,0.0977241702,0.35413816760000005,0.5499671322,0.1707054568,0.0770325708,AA
"Host Hotels & Resorts, Inc.",Consumer Services,6.833333333333333,0.8493092648333334,0.8493092648333334,0.07508931216666666,0.10260497816666665,0.4310403635,0.7661919905,0.056378821833333335,0.19159551933333333,BBB
"Hub Group, Inc.",Transportation,4.0,1.6136542793333335,0.3663750193333333,0.018348389,0.030131923333333335,0.49020622433333333,0.9640835303333333,0.10613640633333332,0.037031850666666664,CCC
Humana Inc.,Health Care,7.0,1.8944676110000003,0.23177562933333332,0.031136065,0.054622394666666664,0.563597102,1.2957342516666666,0.14434146533333334,0.04631840366666667,BBB
"Huntington Ingalls Industries, Inc.",Capital Goods,6.666666666666667,1.7760880463333333,0.6641377316666667,0.06240120933333334,0.10836204233333334,0.758228323,3.1594457456666665,0.28846748533333333,0.11238848466666666,BBB
Hyatt Hotels Corporation,Consumer Services,7.0,1.5297122310000002,0.624276216,0.05087563366666666,0.07632964866666667,0.4675652983333333,0.8828552833333333,0.052561207666666665,0.11395009233333335,BBB
IAC/InterActiveCorp,Consumer Services,6.0,2.30034723675,1.61808449325,0.08044884825000001,0.10847193399999999,0.588576537,1.4605981675,0.13502561525,0.12675833450000001,BB
ICON plc,Health Care,7.0,1.508812522,0.181726128,0.152090378,0.178755513,0.555618448,1.25031844,0.313904148,0.177191681,BBB
IDEX Corporation,Capital Goods,7.75,2.92662200325,1.15753455525,0.12539284174999998,0.193887822,0.4740307915,0.90255448525,0.16856639099999998,0.166543321,A
IHS Markit Ltd.,Technology,6.0,0.82525754,0.2012549565,0.0964201525,0.160910199,0.512417116,1.1275050995,0.0440936435,0.330279601,BB
IRSA Inversiones Y Representaciones S.A.,Consumer Services,5.0,0.887234835,0.053051535,0.268972271,0.379544421,0.473474028,1.109961274,0.148119512,0.284478655,B
IRSA Propiedades Comerciales S.A.,Consumer Services,5.0,1.01051570625,0.18999653725,0.39142345349999996,0.48949397075,0.687944424,3.04144352075,0.8969678865,0.56471068875,B
ITT Inc.,Capital Goods,7.0,1.840767649,0.5946576809999999,0.10551862000000001,0.126637463,0.6498265670000001,1.8614274495,0.205071005,0.092295954,BBB
Illinois Tool Works Inc.,Technology,8.0,2.438283987,1.020534099,0.15599102025,0.18749038775000001,0.561978502,1.3705966455,0.30985088375000003,0.1443801475,A
Imperial Oil Limited,Energy,9.0,0.986608293,0.100695339,0.079147474,0.089347079,0.399313391,0.6647616,0.086527317,0.073663815,AA
Ingredion Incorporated,Consumer Non-Durables,7.6,2.6202266542,0.6350244829999999,0.0645282596,0.1033164532,0.5739631692,1.3512953698,0.1777276602,0.0994519972,A
Intel Corporation,Technology,8.333333333333334,2.223870349,0.5183827010000001,0.19943535166666668,0.2536102673333333,0.38967801933333335,0.6395534719999999,0.18719695633333333,0.36772446233333334,A
International Business Machines Corporation,Technology,8.833333333333334,1.2159267093333332,0.248288042,0.15197639100000002,0.201613747,0.8425139658333333,5.702394909833333,0.8287214508333333,0.18898656033333336,AA
International Game Technology,Consumer Services,6.5,1.4167866455,0.3548091115,0.0417840865,0.183082269,0.713921365,3.0143299325,0.055450188,0.24241878649999998,BB
International Paper Company,Basic Industries,7.0,1.7900980854,0.4197771736,0.0415615032,0.048571371200000005,0.8124378516,4.8263591218,0.1865877812,0.1140161762,BBB
Intuit Inc.,Technology,7.333333333333333,1.5203730306666667,0.48692310833333324,0.15099678233333336,0.24305044166666664,0.47561638933333333,0.9244859043333333,0.23118153833333333,0.3142442146666667,BBB
Ion Geophysical Corporation,Energy,4.2,1.9381585358,0.7239314644,-0.21389960879999997,-0.1528182592,0.6901011116,2.8781003689999998,-0.6457527122,0.1558372906,CCC
Iron Mountain Incorporated,Consumer Services,5.0,1.0741166285000001,0.1794078435,0.11790281999999999,0.182825831,0.8317333844999999,5.261093655,0.34917397149999996,0.1779217745,B
"J.B. Hunt Transport Services, Inc.",Transportation,9.0,1.3393173853333333,0.009484587333333334,0.06371472466666667,0.10712188533333333,0.6429165476666666,1.8005437356666667,0.32595943866666666,0.11629577533333334,AA
J.M. Smucker Company (The),Consumer Non-Durables,7.5,0.5827006765,0.0949856835,0.100048548,0.0819634095,0.22279847,0.401870924,0.10148679599999999,0.116854302,A
Jabil Inc.,Technology,6.714285714285714,1.227596228857143,0.21636812,0.018356134,0.027167640142857143,0.7455455767142858,2.9424894425714285,0.14747579500000002,0.04800543557142857,BBB
JetBlue Airways Corporation,Transportation,6.333333333333333,0.595617243,0.14532687266666666,0.068443337,0.11890726800000001,0.6721241456666668,2.0805665396666666,0.14939650699999998,0.18171977000000003,BB
Johnson & Johnson,Health Care,9.5,2.2806815305,0.6970122965000001,0.206774674,0.235295749,0.45495275,0.83575932,0.210393216,0.24634555749999998,AAA
Johnson Controls International plc,Consumer Services,8.0,1.2574315846000002,0.2220216484,0.06121523900000001,0.0681222504,0.61492827,1.6154425818,0.13910787019999998,0.0663555318,A
Kaiser Aluminum Corporation,Capital Goods,6.0,2.96278795,0.428233904,-0.169983476,-0.248509232,0.380529558,0.614282025,-0.30552686,0.114088656,BB
Kansas City Southern,Transportation,7.0,0.708817318,0.18030623,0.199892509,0.332313544,0.530715742,1.130904632,0.123521447,0.375930213,BBB
Kellogg Company,Consumer Non-Durables,7.0,0.78817833,0.07827524066666668,0.07773267833333333,0.12401643366666666,0.8091792130000001,4.358375089,0.37786937833333334,0.12298876166666667,BBB
Kennametal Inc.,Capital Goods,7.333333333333333,2.841361383666667,0.44721225233333334,-0.002308243666666663,0.02404817966666667,0.4963897343333333,0.9916389513333334,-0.027219845333333343,0.11277333033333332,BBB
Kennedy-Wilson Holdings Inc.,Finance,6.0,41.7759125002,30.764883981000004,0.513578871,1.9583154722,0.7496718247999999,4.186826841,0.0161409838,2.3010990894,BB
Keysight Technologies Inc.,Capital Goods,7.0,2.528784325333333,0.9910787123333332,0.142692687,0.14998376466666666,0.6596244636666667,2.0580185109999998,0.37505885033333336,0.15538989733333333,BBB
Kimberly-Clark Corporation,Consumer Durables,8.0,1.00792442675,0.13650374575000002,0.07736125525,0.120846291,0.85928817675,-15.103594835249998,-0.7460878685000002,0.1304394835,A
"Kinder Morgan, Inc.",Public Utilities,6.0,0.47847043749999996,0.070130621,0.069007339,0.2266396985,0.6557446785000001,4.0554595645000004,0.10448547849999999,0.2865856215,BB
Kinross Gold Corporation,Basic Industries,6.333333333333333,3.640380159,1.4370158426666666,-0.5585989996666667,-0.45811578133333336,0.4510104033333333,0.8378947873333334,-0.37849951266666665,0.3015899266666667,BB
Kirby Corporation,Consumer Services,7.0,1.6417603526666669,0.030899353333333334,0.10120036633333333,0.17291355633333336,0.5009579073333333,1.0131448633333333,0.11678553700000001,0.18851140566666666,BBB
Koppers Holdings Inc.,Basic Industries,5.0,2.508215962,0.317488263,0.023978166,0.051335369,0.870261393,6.707805907,0.389240506,0.049970758,B
Kosmos Energy Ltd.,Energy,5.0,2.251651733,1.236334344,0.316481221,0.655084521,0.549591525,1.220206892,0.208647165,0.502511504,B
Kraton Corporation,Basic Industries,5.0,2.932505012,0.425596938,-0.010182423,-0.005399052,0.671693969,2.045938563,-0.029366672,0.100371535,B
"Kratos Defense & Security Solutions, Inc.",Capital Goods,4.75,1.78241372975,0.22308785875,-0.047334146,0.005428846500000001,0.7467780780000001,3.0438816975,-0.15362586225,-0.00777415425,B
Kronos Worldwide Inc,Basic Industries,5.0,3.353070710666667,0.45234836566666664,-0.04251093166666667,0.004422054666666665,0.5250702303333333,1.1748951623333335,-0.11930592833333335,0.05566286966666667,B
"L Brands, Inc.",Consumer Services,6.666666666666667,1.6945725273333334,0.7785549703333333,0.08226288666666666,0.16089942599999998,1.072549943,130.24233592966667,18.235492142666665,0.13364809233333333,BBB
LKQ Corporation,Consumer Services,5.75,2.98197987625,0.12817495175,0.060777132750000004,0.10278935524999999,0.4797647925,0.925957999,0.13425048025,0.06086697875,BB
Laboratory Corporation of America Holdings,Health Care,7.0,1.5985066405,0.44921392075,0.095102279,0.16840710925000002,0.6120523475,1.584170617,0.20843386675,0.14165430975,BBB
Lam Research Corporation,Technology,6.75,3.5009200015,1.4379969005,0.16017996025,0.181962303,0.43418791775,0.7872279565,0.175569239,0.201628161,BBB
Lamar Advertising Company,Consumer Services,6.0,1.165853517,0.092392811,0.194008258,0.283011772,0.698960545,2.321823714,0.257154582,0.352927007,BB
"Laredo Petroleum, Inc.",Energy,5.0,0.9207281933333333,0.23735757483333333,-0.5423640956666668,-0.486985676,0.6868604184999999,4.532719352333333,-2.963445804166667,0.6022261795,B
Las Vegas Sands Corp.,Consumer Services,6.0,1.464712769,0.884484819,0.168220264,0.243100867,0.67519873,2.078805693,0.288442234,0.295160415,BB
Lattice Semiconductor Corporation,Technology,5.0,4.2781399055,1.289746488,0.003003334499999996,0.025573225499999998,0.3918027455,0.9967605884999999,-0.0449415485,0.1036551355,B
Lear Corporation,Capital Goods,6.666666666666667,1.4219079443333333,0.36975601483333337,0.04737349816666667,0.047964309499999996,0.6529875036666667,1.9177549393333333,0.255383012,0.06097254416666667,BBB
Lennar Corporation,Basic Industries,5.6,29.1131011946,2.80156757,0.0890762748,0.0919197876,0.6308560978,1.7706253490000001,0.12746919480000002,-0.0572881356,BB
"Lennox International, Inc.",Capital Goods,7.5,1.2682029805,0.0568945035,0.0544861265,0.0875239295,0.90964642575,64.63515885300001,8.0506407595,0.06770261425,A
"Live Nation Entertainment, Inc.",Consumer Services,5.0,1.06529239425,0.6259925725,-0.0060134405,0.016015958,0.7920197554999999,3.908630007,-0.0311162345,0.054154190250000005,B
Lockheed Martin Corporation,Capital Goods,7.2,1.1524507056,0.178892679,0.067679654,0.10387161360000001,0.9363866662,211.64009012820003,15.174014924400002,0.0840257138,BBB
Loews Corporation,Finance,8.0,1.568004793,0.038645896,0.075316769,0.075316769,0.750116086,3.001858243,0.056490576,0.280668224,A
Louisiana-Pacific Corporation,Basic Industries,5.5,4.5754942414999995,2.659415965,-0.033270379,-0.005954748999999995,0.4718005325,0.9183648449999999,-0.027927358,0.061818864,BB
Lsb Industries Inc.,Basic Industries,5.0,2.14516794225,0.8598360817499999,0.0895797055,-0.0210721605,0.635219737,1.76499788825,0.0810031425,0.0389675925,B
LyondellBasell Industries NV,Basic Industries,6.8,2.346384308,0.3916108946,0.0841311998,0.1220037494,0.597794576,1.5826332870000002,0.3905733619999999,0.11651438439999999,BBB
"MBIA, Inc.",Finance,5.0,2.336200083,1.1250370136666668,0.5202335286666667,0.7629613466666667,0.8657739040000001,8.275305206333334,-0.10356997966666666,1.000807538,B
MDC Partners Inc.,Technology,5.0,0.583640056,0.051060347,-0.031381408,0.0446597625,1.358114029,-3.7925026475,0.075180153,0.06333468099999999,B
MGIC Investment Corporation,Finance,4.0,11.29242917,1.632601902,-0.32300657,-0.321947591,0.834149549,5.029528373,-0.405987559,-1.252328192,CCC
MGM Resorts International,Consumer Services,5.5,1.1797226033333332,0.7608546805,0.04013097983333334,0.162203128,0.8126031783333333,4.455875156166667,0.02046408200000001,0.117102296,BB
MPLX LP,Energy,7.0,0.930616317,0.22467319033333333,0.17769892033333334,0.21526467766666668,0.471478595,0.9876701,0.10141067033333333,0.4291291316666667,BBB
MSCI Inc,Miscellaneous,6.0,1.6990296228,1.0764888632,0.225443578,0.37086176699999995,0.6380940468,2.9148532957999995,0.3083498246,0.3123183822,BB
MTS Systems Corporation,Capital Goods,5.0,1.855133256,0.293050744,0.080615817,0.109048222,0.439833692,0.785184123,0.176112372,0.178098856,B
Magellan Midstream Partners L.P.,Energy,7.285714285714286,1.1095366755714287,0.2399146287142857,0.2958699061428572,0.35289175300000003,0.6514203892857143,1.883241760142857,0.333129441,0.39723031757142857,BBB
"Magna International, Inc.",Capital Goods,7.0,1.531610775,0.393485432,0.062643929,0.077519139,0.536902525,1.178898059,0.224514834,0.072571108,BBB
MagnaChip Semiconductor Corporation,Technology,4.8,2.222903184,0.9005390421999999,-0.006869691,0.0161069468,0.879688331,-5.1645063538,1.3426328792,0.0668189508,B
ManTech International Corporation,Consumer Services,6.0,1.7747382,0.295287594,0.046448375,0.079217918,0.381176408,0.615969418,0.122382505,0.077127661,BB
ManpowerGroup,Technology,7.333333333333333,1.4278133088333334,0.18719597566666668,0.016677957166666667,0.02958692833333333,0.6354805986666666,1.7658217201666666,0.1286697516666667,0.018417951666666665,BBB
Marathon Oil Corporation,Energy,7.0,0.9415139666,0.3123095086,0.060401760000000006,0.14721674999999998,0.4468864096,0.8112420121999999,0.07500481719999999,0.3562503444,BBB
Marathon Petroleum Corporation,Energy,7.0,1.355221484,0.224265492,0.03190646666666667,0.05125153633333333,0.6569437606666667,1.932985739,0.233855644,0.043390388,BBB
Markel Corporation,Finance,7.0,8.176852997333334,0.9108885176666667,0.082328605,0.13342423,0.6941530686666667,2.2723291233333334,0.060491677333333334,0.12349037200000001,BBB
"Marsh & McLennan Companies, Inc.",Finance,8.0,1.58041939125,0.39793727149999997,0.11161005375,0.17201947499999998,0.59062366775,1.46375156125,0.19893987125,0.1324380685,A
"Martin Marietta Materials, Inc.",Basic Industries,6.666666666666667,3.2613412176666667,0.311372808,0.06349479066666668,0.114341023,0.45417076833333336,0.8503482656666667,0.061946146,0.1447608823333333,BBB
Martin Midstream Partners L.P.,Energy,5.0,1.75913801,0.000256763,-0.00712789,0.041330799,0.687454108,2.199530135,-0.024100677,0.070383725,B
Masco Corporation,Capital Goods,6.0,1.50876915,0.6373689923333333,0.024386055666666667,0.06031520033333334,0.9310525820000001,-11.806422062666668,-0.5940074036666667,0.06684274333333333,BB
Masonite International Corporation,Basic Industries,6.0,3.006828499,0.809459579,-0.020318877,0.006520651,0.569139371,1.320936127,-0.052633508,0.042110247,BB
Mastercard Incorporated,Miscellaneous,8.0,1.75227309,0.916733131,0.393917451,0.525292231,0.629479378,1.698905109,0.631718646,0.418226958,A
Matador Resources Company,Energy,5.0,0.928210188,0.122283125,-2.149242968,-2.556895205,0.572250257,1.337815546,-1.392458653,0.659568142,B
McKesson Corporation,Health Care,7.0,1.09303630225,0.1404460515,0.00994490125,0.01754801575,0.81929178025,4.64281031275,0.1818297865,0.021120717,BBB
Medtronic plc,Health Care,8.0,3.61340134375,0.30268585225,0.18618545125000002,0.235191713,0.483047664,0.935664624,0.15123567975,0.2769129425,A
Mercer International Inc.,Basic Industries,5.333333333333333,3.711641256,1.034717701,0.06895845233333334,0.140540106,0.6710093416666667,2.040337228333333,0.18237891233333334,0.14275327433333332,B
"Micron Technology, Inc.",Technology,6.0,2.163672580666667,0.7154825853333332,0.16544828833333333,0.13329313533333334,0.511170319,1.0475035226666667,0.21617491600000002,0.289878586,BB
Microsoft Corporation,Technology,10.0,2.5345843734,0.1451627392,0.218504479,0.27785799619999996,0.5103052802000001,1.0884776993999998,0.23284100319999998,0.3743754632,AAA
Minerals Technologies Inc.,Basic Industries,6.0,3.2161128016666667,1.3791841,0.06416176433333333,0.11128943466666667,0.5769680899999999,1.8161433766666668,0.10678503066666667,0.15425473233333334,BB
"Mohawk Industries, Inc.",Consumer Durables,7.0,1.2919395133333333,0.039955972666666666,0.08274899566666666,0.11522183600000001,0.4713083596666667,0.8982333176666667,0.13607563266666667,0.11533714566666665,BBB
Mosaic Company (The),Basic Industries,7.0,2.768431539,1.2406992689999998,0.1473048955,0.15631157999999998,0.34672267749999997,0.556567341,0.1235359565,0.21047467,BBB
Murphy Oil Corporation,Energy,7.0,1.0763834205,0.3035949691666667,-0.07612713950000001,-0.13639044150000001,0.48775699283333335,0.9699856501666666,-0.006620813166666664,0.3544280175,BBB
Mylan N.V.,Health Care,7.0,1.5312787415,0.248993487,0.066611724,0.109135494,0.620643158,1.7018527374999999,0.0649837355,0.19891166,BBB
NCR Corporation,Miscellaneous,5.8,1.7176069802,0.3157650856,0.028028828,0.0631096168,0.836765733,6.1874220829999995,0.1221712792,0.0674945798,BB
NGL ENERGY PARTNERS LP,Energy,6.0,1.467518635,0.038509066999999994,-0.0071854125,-0.0018619104999999998,0.688692366,2.2182029245,-0.050296408,0.0227756735,BB
"NRG Energy, Inc.",Public Utilities,6.0,1.701090443,0.446226213,0.066373783,0.041557825,0.700153724,2.335042248,0.0530713,0.136428402,BB
NVIDIA Corporation,Technology,6.25,4.947850148500001,0.6940992635000001,0.123803005,0.14570647850000001,0.5954545455,0.8962411834999999,0.03443721725,147.1128676845,BB
"NVR, Inc.",Capital Goods,7.0,11.75776709,7.057419576,0.05670576,0.077844347,0.431644223,0.759461309,0.121979605,0.083018228,BBB
NXP Semiconductors N.V.,Technology,5.666666666666667,2.033208121,0.7698760223333334,0.12220963566666665,0.09683653866666668,0.6623779576666666,4.587949731666666,0.384223809,0.24014339666666665,BB
Nabors Industries Ltd.,Energy,6.857142857142857,1.7734946352857144,0.31053759971428574,-0.07833198814285715,-0.08296624171428571,0.5557603955714285,1.2616134342857142,-0.06119376985714285,0.23990310371428572,BBB
National Fuel Gas Company,Public Utilities,7.4,0.9233791595999999,0.1596041594,0.0697754144,0.14580779120000004,0.6597831876,1.9518741354,0.0608402334,0.42114200679999997,BBB
Natural Resource Partners LP,Energy,4.666666666666667,0.9685371996666666,0.48905453166666674,-0.1389237123333333,0.051542339999999985,0.7834804203333334,8.561820835333334,-2.3531365706666665,0.5444227436666667,B
Navios Maritime Holdings Inc.,Transportation,5.166666666666667,1.9002641045,1.1177452571666666,-0.0033979444999999997,0.06550618866666667,0.6001247876666667,1.7193367391666665,0.005810544999999998,0.1821169311666667,B
Navistar International Corporation,Capital Goods,4.6,1.306996835,0.179493277,-0.0535593192,-0.0440734858,1.4404199979999999,-93.62903786659999,-12.4981479914,0.018576239799999998,B
Nektar Therapeutics,Health Care,4.75,4.2117475455,0.45550434075,-0.9562406892499999,-0.6887978702499999,1.00434254925,23.0005647445,-3.9909188652500003,-0.7202666715,B
"Netflix, Inc.",Consumer Services,5.4,1.404532804,0.3409550484,0.0236288882,0.045463064799999994,0.7775052834,3.5688978387999994,0.0751515646,-0.049159165,B
New Gold Inc.,Basic Industries,5.666666666666667,4.4797106475,2.7618016683333333,-0.11492946649999998,-0.06642982766666668,0.3944927775,0.663038589,-0.0378140455,0.39919488766666666,BB
New York Times Company (The),Consumer Services,5.0,1.458362231,0.341220086,-0.017073678,0.024406893,0.824390921,4.694466388,-0.078341496,0.031818442,B
NewMarket Corporation,Basic Industries,7.0,3.2566600245,0.53158497875,0.10879805925,0.16015456525,0.651657429,1.92482474625,0.55695402075,0.1175978765,BBB
Newell Brands Inc.,Consumer Non-Durables,7.2,1.399786255,0.12480984240000001,0.0539292048,0.0886270594,0.6991222904,2.3689485433999997,0.1478777244,0.10924889239999999,BBB
"NiSource, Inc",Public Utilities,7.0,0.593490122,0.005832549,0.061589062,0.171954942,0.780277262,3.551190321,0.074541434,0.313169096,BBB
Noble Corporation,Energy,6.2,1.4925516397999998,0.45196510100000004,0.016673862399999996,0.0973662772,0.4882058744,0.9550094112,0.015565368999999996,0.471501928,BB
Noble Energy Inc.,Energy,7.0,1.260941828,0.569529086,-0.779125439,-0.789020109,0.571416763,1.333269045,-0.23539055,0.658155123,BBB
Nokia Corporation,Technology,6.5,1.4949254972500001,0.71303850375,-0.0140419775,0.026230674249999995,0.65706275325,2.2368777297499998,-0.00606759925,0.0822696105,BB
Norbord Inc.,Basic Industries,6.0,1.660098522,0.044334975,-0.037110669,0.020543406,0.682568807,2.150289017,-0.107899807,0.015904573,BB
"Nordstrom, Inc.",Consumer Services,8.0,1.865714286,0.295357143,0.05330964,0.05330964,0.736073553,2.788934426,0.295081967,0.090330224,A
Norfolk Southern Corporation,Transportation,7.5,1.1935263911666667,0.4251551453333333,0.16475998033333333,0.2921698793333333,0.6498070536666667,1.8612383835,0.16083067933333334,0.27768330766666666,A
NorthWestern Corporation,Public Utilities,7.666666666666667,0.6744248494999999,0.0241076305,0.0917555775,0.162485125,0.7194511330000001,2.5734748075,0.09579338116666668,0.21602606700000002,A
"Northern Oil and Gas, Inc.",Energy,4.0,1.562177423,0.043402453,-3.54600347,-4.069653149,1.273903018,-4.650927277,4.935951955,0.898051484,CCC
Northrop Grumman Corporation,Capital Goods,7.6,1.3569701,0.611056185,0.0836454122,0.1290142264,0.7071184146,2.6491306006000004,0.2912772828,0.104037176,A
"Nuance Communications, Inc.",Technology,6.0,1.6995173160000001,0.8978984776000001,-0.016160599600000002,0.03818855,0.5792960241999999,1.4071015718,-0.0166422886,0.2456624572,BB
Nucor Corporation,Basic Industries,7.4,3.2168462126,0.7329798866,0.029207100399999998,0.0496317874,0.4851840506,0.9440322254,0.0748101042,0.072954606,BBB
Nustar Energy L.P.,Energy,6.0,1.303345589,0.124196603,0.085389957,0.204424591,0.679633718,2.121427113,0.093076084,0.24862838,BB
OGE Energy Corp,Public Utilities,7.6,0.7798980141999999,0.024344259200000003,0.1208528694,0.19608024880000002,0.6827484152000001,2.1780075038,0.1186494826,0.28065883080000004,A
ON Semiconductor Corporation,Technology,6.0,1.7012728793333334,0.5648125213333334,0.036321584,0.05602142066666666,0.6476798903333333,1.9497272273333335,0.07866601566666666,0.14728358633333333,BB
Oasis Petroleum Inc.,Energy,4.75,1.55928520025,0.7149602125000001,0.1958551405,0.3159513595,0.65519967025,1.95627733675,0.136896234,0.58598734125,B
Occidental Petroleum Corporation,Energy,8.0,1.4353227835999998,0.43130402740000007,-0.02561768699999999,-0.0434302622,0.4143580144,0.7209592328,-0.002747645999999995,0.44370460640000003,A
"Oceaneering International, Inc.",Energy,7.0,2.490136955,0.715068714,0.06776363566666667,0.10829811900000001,0.5277120156666667,1.11827637,0.14031251233333333,0.17670067300000003,BBB
Olin Corporation,Basic Industries,6.4,1.9175172734,0.5842316613999999,0.0618818118,0.0945253828,0.642047476,1.865814425,0.13219132,0.10220485419999999,BB
Omnicom Group Inc.,Technology,8.0,0.9064712996666667,0.200659397,0.070769255,0.12631367733333332,0.8649284043333333,6.58314546,0.3700264576666667,0.12132028466666667,A
Open Text Corporation,Technology,6.833333333333333,1.6237719556666665,1.0717826873333334,0.12476141666666667,0.16495722516666667,0.5426941698333333,1.2179119528333333,0.12340860916666667,0.24961724983333333,BBB
Oracle Corporation,Technology,8.75,3.36919161975,1.232304836,0.2699937615,0.3703031925,0.48891906675,0.971830346,0.22437067675,0.365561535,AA
Orange,Public Utilities,7.0,0.7319349439999999,0.2631326626666667,0.05282113133333333,0.10628272433333334,0.6409423373333333,1.9236166573333335,0.06904702766666666,0.22495654266666668,BBB
Orion Engineered Carbons S.A,Basic Industries,5.0,2.309238661,0.376158432,-0.042429492,0.079124757,1.240627995,17.49582919,-1.012195784,0.130777557,B
Oshkosh Corporation,Capital Goods,5.0,1.6501162484999998,0.39226639649999995,0.038766495,0.066007598,0.6134819585,1.6422046300000002,0.1610589065,0.054129087500000006,B
Otter Tail Corporation,Public Utilities,6.5,1.37298876375,0.020770061,0.029868290750000002,0.09646915275,0.66920926475,2.024259108,0.03779463,0.17185334325,BB
"Owens & Minor, Inc.",Health Care,7.0,1.871738308,0.129061935,0.009604650666666667,0.019309565666666667,0.642400492,1.7967188663333333,0.09487140733333334,0.015470918666666666,BBB
Owens Corning Inc,Capital Goods,6.833333333333333,1.7176673526666668,0.07430686866666666,0.043388591000000004,0.06029416033333334,0.5087086799999999,1.0366994008333335,0.062427371333333335,0.09755076216666665,BBB
PACCAR Inc.,Capital Goods,8.0,2.011226438,0.7829441823333333,0.06996879583333333,0.10211105549999999,0.6701547310000001,2.0437719928333333,0.17978276033333332,0.126150146,A
PBF Logistics LP,Energy,5.333333333333333,4.396504417666667,2.130155448,3.4751237550000003,3.4751237550000003,1.2630781070000001,-10.285616793666666,-1.3308484486666667,3.0283452546666663,B
"PDC Energy, Inc.",Energy,5.0,1.2898037115,0.4524818145,-0.3784728295,-0.48726967849999997,0.4361647875,0.7759937295,-0.0734062895,0.980199343,B
PLDT Inc.,Public Utilities,6.714285714285714,0.5928134472857144,0.295502011,0.194168847,0.24708980828571428,0.6822068587142857,2.2577318435714284,0.25101465185714283,0.502692259,BBB
PPL Corporation,Public Utilities,7.0,0.86504818775,0.20886679725,0.11486768250000001,0.27599119875,0.73976391625,2.85552898575,0.10811808775000001,0.27569680725,BBB
"PRA Group, Inc.",Finance,6.0,0.143667792,0.110984086,0.219619336,0.219619336,0.444052644,0.798731461,0.169257819,0.377014174,BB
"PRA Health Sciences, Inc.",Health Care,4.5,1.0652991475,0.21234868750000002,0.013087879,0.069600255,0.6895346410000001,2.221752422,0.031772787999999996,0.059269423999999994,CCC
PTC Inc.,Technology,6.0,1.141624275,0.442952727,0.037886718,0.033153766,0.61076703,1.569155435,0.055287844,0.143321368,BB
PVH Corp.,Consumer Non-Durables,6.0,1.9133286802,0.41456909700000005,0.0535855198,0.0691225702,0.5961069576,1.4807440884,0.1019770012,0.0871558588,BB
Packaging Corporation of America,Consumer Durables,7.0,2.330669298,0.302896731,0.08214159,0.11779266033333334,0.6926672313333334,2.357657305,0.25348280166666665,0.1411925443333333,BBB
Parker-Hannifin Corporation,Capital Goods,8.142857142857142,1.8931771358571428,0.41342997628571426,0.07576042642857142,0.10561255657142857,0.553213048,1.2564267698571427,0.1790272617142857,0.10497278785714285,A
"PayPal Holdings, Inc.",Miscellaneous,7.0,1.52464747,0.094205475,0.129219701,0.146282974,0.555568982,1.250067972,0.095228385,0.291274673,BBB
Pedevco Corp.,Energy,7.0,0.253865468,0.150389851,-4.002253098,-1.900675929,0.752587327,3.041830152,-1.417569994,-1.430529478,BBB
"Penske Automotive Group, Inc.",Consumer Durables,5.0,1.04214046375,0.01161825625,0.016184841,0.02875385225,0.77703488825,3.50998894775,0.1734313975,0.02117627625,B
Pentair plc.,Technology,8.0,1.8810226433333337,0.10564673933333334,0.030150230333333333,0.08399430933333334,0.568385893,1.3896730436666667,0.038362696333333335,0.12675604399999998,A
"Pepsico, Inc.",Consumer Non-Durables,8.0,1.1431080143333332,0.3914193318333334,0.09768354033333333,0.14171890733333334,0.727645937,2.8352805215,0.330383573,0.14687115216666666,A
Perrigo Company,Health Care,7.0,2.703335898666667,0.9025721573333333,0.100651347,0.17168676733333332,0.4924656373333333,1.020910597,0.14327955033333334,0.163007062,BBB
"Pfizer, Inc.",Health Care,8.5,2.15531911025,0.1244757415,0.22540557249999998,0.2310529085,0.5779354919999999,1.3760783205,0.161446545,0.32049761725000003,A
Philip Morris International Inc,Consumer Non-Durables,8.0,1.0037205228,0.1614551854,0.10398525219999999,0.1624443174,1.2076472264,25.773484435399997,6.553413705,0.11786162739999999,A
Phillips 66,Energy,7.4,1.4798034954000001,0.37198768520000003,0.0270781928,0.0383705006,0.5550273179999999,1.2500510794,0.16825199799999999,0.0347661586,BBB
Phillips 66 Partners LP,Energy,7.0,1.3427117583333334,0.5125061226666666,17.51476154866667,17.557430900333333,0.7430008733333334,3.6671968473333334,0.8271163866666665,20.81751012533333,BBB
Pinnacle West Capital Corporation,Public Utilities,8.333333333333334,0.6288343279999999,0.012713460333333334,0.118836397,0.24060387566666666,0.6931160333333333,2.2587857746666664,0.094412066,0.32061620933333335,A
Pioneer Natural Resources Company,Energy,7.0,1.823363142,0.741326547,0.12144312000000002,0.074152705,0.4857583905,0.9552631304999999,0.059705377000000004,0.403804684,BBB
Pitney Bowes Inc.,Miscellaneous,7.0,1.1155640311428572,0.32322842142857144,0.07530922257142857,0.09436951185714285,0.9930107805714286,-19.20144718,-1.1966533828571428,0.1579075365714286,BBB
"Plains All American Pipeline, L.P.",Energy,7.285714285714286,0.9400880707142856,0.018466747857142855,0.030809032428571432,0.04158021571428572,0.646784448,1.8383402461428573,0.1434388082857143,0.04259868514285714,BBB
PolyOne Corporation,Basic Industries,7.0,1.9073630286666665,0.5194591963333334,0.042702839666666666,0.058702607999999996,0.7035098193333332,2.3972214363333335,0.18565076866666666,0.05016815733333333,BBB
"Post Holdings, Inc.",Consumer Non-Durables,5.0,3.27815396375,1.612637504,-0.03827617,0.04310494,0.6572747425000001,1.9784111955,-0.045003170749999995,0.09707748625,B
ProAssurance Corporation,Finance,7.0,14.17009198,0.437994035,0.40196142,0.536572284,0.535145667,1.151211528,0.124257125,0.05215232,BBB
Progressive Corporation (The),Finance,8.0,1.5980789819999999,0.01782935875,0.05991491225,0.07268001025000001,0.743470253,2.90708887025,0.1694066135,0.10134882775,A
Public Service Enterprise Group Incorporated,Public Utilities,7.0,1.157954387,0.20558174499999998,0.116777064,0.210713749,0.6639676255,1.9777449455,0.1069519025,0.3432350315,BBB
"QEP Resources, Inc.",Energy,6.0,1.1882133266666666,0.4040586605,-1.8549731434999999,-2.7491747575,0.5744854491666667,1.3836186273333333,-0.005563780000000007,2.265808256166667,BB
QUALCOMM Incorporated,Technology,8.0,3.4353847795,1.064139618,0.27149922849999997,0.280397418,0.293348418,0.44388133599999996,0.1914636825,0.324847389,A
Quanex Building Products Corporation,Capital Goods,5.0,1.951885595,0.262045599,0.02492998,0.038224523,0.308962277,0.447099002,0.040711367,0.103925779,B
Quest Diagnostics Incorporated,Health Care,7.0,1.0842271255,0.124135729,0.08771636125,0.1644542605,0.56415717,1.30292736075,0.15577749075,0.11118264324999999,BBB
R.R. Donnelley & Sons Company,Miscellaneous,5.666666666666667,1.4699992708333334,0.24620581133333333,-0.01725025566666667,0.013055192666666668,0.9387820043333334,22.323560282666666,-1.1683001459999998,0.06025418516666667,BB
RLI Corp.,Finance,7.0,3.367024339,0.089821695,0.17893257,0.248959398,0.69749189,2.305696494,0.152304196,0.191278074,BBB
RPM International Inc.,Basic Industries,7.0,2.2965117862,0.3852642522,0.0512024546,0.0672585158,0.6850857938,2.203749268,0.1621143194,0.0748605818,BBB
Radian Group Inc.,Finance,4.0,0.541059963,0.0232950315,-0.19592156800000002,-0.174482339,0.8488296815,5.823753363,-0.17878686099999996,-0.5396946405,CCC
Range Resources Corporation,Energy,6.0,0.7250952764,0.0007270174,-0.12312399319999998,-0.12312399319999998,0.6088532132,1.5987277962,-0.0236178932,0.394934515,BB
Rayonier Inc.,Consumer Services,7.5,1.6628467977499999,0.708659417,0.1631223525,0.183624133,0.468042869,0.90230081525,0.13376567575,0.364811769,A
Reliance Steel & Aluminum Co.,Basic Industries,7.0,3.9903013368000004,0.1453969194,0.0388894186,0.0651721578,0.4427971368,0.8004018848,0.0948739056,0.0625001306,BBB
Rent-A-Center Inc.,Technology,5.2,0.6416326926,0.3304223818,-0.0341749582,-0.017524851000000008,0.6485788548,2.3870182654,-0.3906180606,0.06769127779999999,B
"Republic Services, Inc.",Public Utilities,7.0,0.828082232,0.12422107,0.069963883,0.143788908,0.603818699,1.524096919,0.074511292,0.183932899,BBB
Resolute Forest Products Inc.,Basic Industries,5.8,2.6689317580000003,0.3752022726,-0.060419243600000005,-0.023078278,0.5408628248,1.1993339772,-0.10781541800000001,0.0419282724,BB
Rio Tinto Plc,Basic Industries,8.0,1.52326950275,0.8163294165,0.07002401650000001,0.18222830075000002,0.5099455335,1.21188332975,0.07737162925,0.40143181675,A
Ritchie Bros. Auctioneers Incorporated,Miscellaneous,6.0,1.495044179,0.822148129,0.1621342,0.23962429,0.570464004,1.328093593,0.133659944,0.313487937,BB
Rite Aid Corporation,Health Care,4.6,1.6777904884000001,0.05198161020000001,0.0170403256,0.004045597999999999,1.1890110993999998,32.145528862000006,7.4455529454,0.025379278800000005,B
Royal Caribbean Cruises Ltd.,Consumer Services,6.0,0.2264765426666667,0.047880398666666664,0.10395453933333333,0.13429567933333333,0.5937419773333333,1.4653958813333334,0.09850584766666666,0.24129120966666665,BB
"Ryder System, Inc.",Consumer Services,7.0,0.872201178,0.07062719,0.030215419,0.0148869855,0.8252812915000001,4.724017012999999,0.1334530865,0.17673336,BBB
Ryerson Holding Corporation,Basic Industries,4.0,3.036743744,0.200190054,-0.000157868,0.034288962,1.090990875,-11.99011299,0.003531073,0.081807275,CCC
S&P Global Inc.,Finance,7.4,1.1680377364,0.5824379858000001,0.1894578976,0.3077298806,0.9011651818,15.6490645744,2.1181014788,0.1739844616,BBB
SBA Communications Corporation,Consumer Services,5.0,0.459628741,0.163322736,-0.042846545,0.175991251,0.947374892,18.00233636,-0.15662276,0.381331876,B
SCIENCE APPLICATIONS INTERNATIONAL CORPORATION,Technology,6.0,1.5934825676666666,0.41848287366666664,0.030276227,0.052929980999999994,0.771201165,3.491526908333333,0.33877504566666666,0.05602733433333334,BB
"SEACOR Holdings, Inc.",Transportation,5.5,3.37028811825,1.8705298055,0.014872057749999999,0.07076485025,0.56616435575,1.31120034725,0.01668926,0.1380301725,BB
SM Energy Company,Energy,5.666666666666667,0.9606436838333333,0.11849885983333332,-0.07884068666666666,-0.06543821466666667,0.644269756,1.8231755413333335,-0.006430554166666672,0.555078486,BB
SPX Corporation,Technology,6.75,1.38025391975,0.25486390475,0.03010516625,0.0191439505,0.72939456775,3.014458752,0.0394840275,0.02174792225,BBB
"SS&C Technologies Holdings, Inc.",Technology,6.0,1.195949055,0.607821383,0.11684359999999999,0.24245729866666665,0.5507017759999999,1.3265469906666667,0.058576100333333325,0.332245974,BB
STMicroelectronics N.V.,Technology,6.833333333333333,2.569995312,0.7845306706666667,-0.0436295895,-0.03810852433333333,0.399652387,0.6842030721666666,-0.05924995533333333,0.0911906,BBB
Sabre Corporation,Technology,6.0,0.777708478,0.320975364,0.184228693,0.155280361,0.910238509,10.14063494,1.12670302,0.178732046,BB
"Salem Media Group, Inc.",Consumer Services,5.0,1.3255800880000002,0.0032545768,0.020522228,0.122549811,0.6434632704000001,1.8059874204,0.025880199400000005,0.1381595098,B
Sanmina Corporation,Technology,6.0,1.8068900151666665,0.34375605316666663,0.028885912166666666,0.029997497166666665,0.6410062953333333,1.9318481003333332,0.14534867583333333,0.04362348816666667,BB
Schlumberger N.V.,Energy,8.666666666666666,1.8622580409999998,0.22509867766666666,0.10635576433333332,0.12905959833333333,0.4406920726666666,0.7920537,0.12412832566666666,0.23162684033333333,AA
Scientific Games Corp,Technology,5.0,1.95185952125,0.36551474975,-0.05993197274999999,0.005640111249999998,0.88478919325,645.26269366975,-15.0893661495,0.15804726275,B
Scotts Miracle-Gro Company (The),Basic Industries,5.0,1.7790973983333334,0.16009049733333333,0.07445282133333334,0.11557143733333335,0.7423278236666667,2.8882591106666666,0.33274517200000003,0.06953815833333334,B
Seagate Technology PLC,Technology,7.0,1.855327751,0.773029165,0.04657734,0.073466411,0.73300813,2.7454324,0.207470564,0.115212834,BBB
Sealed Air Corporation,Basic Industries,6.0,1.3648961838,0.30441506360000004,0.036114776,0.09393031560000001,0.7859506096000001,5.7425178286,0.22090435120000002,0.07398319719999999,BB
Select Medical Holdings Corporation,Health Care,5.0,1.2315650364,0.06325505299999999,0.037984207199999995,0.090344612,0.7698712162,3.5205709292000003,0.1617926922,0.0716421156,B
Sempra Energy,Public Utilities,7.333333333333333,0.7199626123333333,0.10628539416666667,0.11511297983333334,0.05072639016666666,0.7141224398333333,2.5010164188333333,0.10582303533333333,0.21195113316666667,BBB
Semtech Corporation,Technology,6.0,3.769762856,1.268521183,0.159673665,0.173284166,0.198999004,0.248437899,0.137287061,0.20638193,BB
Service Corporation International,Consumer Services,6.2,0.6941599256,0.2728469952,0.0636007264,0.17238341159999998,0.8773210668000001,7.3280199862,0.1285445164,0.1470717196,BB
Sherwin-Williams Company (The),Consumer Services,8.0,1.459847172,0.2778772725,0.0795611285,0.115882755,0.781379719,4.07646122,0.7832078395,0.110386972,A
Signet Jewelers Limited,Consumer Services,6.0,3.981177899,0.119437939,0.071432933,0.107431834,0.527261213,1.115333094,0.152873526,0.067677323,BB
Silgan Holdings Inc.,Consumer Durables,6.0,1.76627893225,0.34710815925,0.0493689505,0.09138513925,0.787275095,3.70713985975,0.2699904335,0.09358411750000001,BB
Snap-On Incorporated,Capital Goods,7.666666666666667,2.5729269816666664,0.2689999363333333,0.11337707666666667,0.189046975,0.518930372,1.09876983,0.17911494433333333,0.09828834800000001,A
"Sonic Automotive, Inc.",Consumer Durables,5.6,1.0576920904000002,0.0019805434,0.009890652,0.025588744000000004,1.0,4.885696165200001,0.1415614442,0.011676895599999999,BB
Sonoco Products Company,Consumer Durables,7.5,1.520539139,0.20878766099999999,0.046974773,0.07215583225,0.621186198,1.6562348475,0.149915807,0.08467640600000001,A
Southern Company (The),Public Utilities,7.0,0.8248047053333334,0.11703917000000001,0.040843997,0.20679072866666667,0.7328470189999999,2.793904588666667,0.036259692,0.30589535966666664,BBB
Southern Copper Corporation,Basic Industries,7.0,3.3195947804999997,1.1699002868333332,0.23753389700000002,0.396674009,0.5313982695,1.1441836029999999,0.29717823,0.24937998916666668,BBB
"Southwest Gas Holdings, Inc.",Public Utilities,8.0,0.9368629518333332,0.09904009583333333,0.0637611285,0.13197691283333332,0.7061924491666667,2.4033352223333333,0.09443732450000002,0.18357868700000002,A
Southwestern Energy Company,Energy,6.333333333333333,0.6222645933333334,0.016213318666666667,-0.3364252646666666,-0.45934981300000005,0.6343875513333334,1.9119339690000003,-0.545873611,0.5573559436666666,BB
Spire Inc.,Public Utilities,8.0,0.91367761,0.06224746866666667,0.057711214000000004,0.111672584,0.690165062,2.237603357333333,0.06450271633333333,0.133213351,A
"Spirit Aerosystems Holdings, Inc.",Capital Goods,6.0,2.296739854,0.42377680100000004,0.022412352,0.040281543,0.6763937046666667,2.1198093093333332,0.05788986466666666,0.09700604566666667,BB
"Star Group, L.P.",Consumer Services,5.0,1.222267907,0.31324749,0.019331548666666667,0.044837787,0.5937441916666667,1.4619177296666666,0.12565124333333333,0.04695343799999999,B
Starbucks Corporation,Consumer Services,7.5,1.3927217241666667,0.5031941400000001,0.102148638,0.14117109866666666,0.5042139061666667,1.0786871051666667,0.31698239116666665,0.1519893405,A
"Steel Dynamics, Inc.",Basic Industries,6.0,3.496153222,0.424842049,0.017933401,0.036583115,0.617628686,1.615258948,0.056169731,0.070531679,BB
Steelcase Inc.,Consumer Durables,6.5,1.490511551,0.25158290299999997,0.010866051000000002,0.020799377,0.43784111800000003,1.1414116055,0.0429694925,0.04741771,BB
"Stericycle, Inc.",Basic Industries,8.0,1.3610792740000002,0.088060963,0.0736816715,0.14253561650000002,0.6061593565000001,1.5401788415,0.0856859495,0.14217197650000002,A
Stryker Corporation,Health Care,8.2,3.1719379434,0.6218678656,0.1242553864,0.1718393794,0.429181099,0.7721292944,0.1332471358,0.169534634,A
SunPower Corporation,Technology,4.0,1.317995013,0.459216723,0.038127347,0.063380987,0.713710759,2.492970946,0.085645068,0.064784942,CCC
Sunoco LP,Energy,6.0,1.501109383,0.091448947,0.005151238,0.018792057,0.507931307,1.032236585,0.028377095,0.022777803,BB
Sysco Corporation,Consumer Non-Durables,7.75,1.5464220015,0.237879448,0.0207360355,0.03533175975,0.6275764815,1.735232924,0.18449539125,0.0328033535,A
TE Connectivity Ltd.,Technology,8.0,1.9068866046666668,0.6365358453333333,0.14064295566666665,0.135712666,0.544668767,1.1967934366666666,0.20082674266666667,0.15339113433333332,A
TEGNA Inc.,Consumer Services,6.0,1.3779192126,0.2312387166,0.1139028934,0.18494122,0.6882143808,2.2650565854,0.2115710202,0.1466935728,BB
"Targa Resources, Inc.",Public Utilities,5.0,1.043557169,0.159029038,-0.251401466,-0.686934023,0.889736451,8.069180238,0.039893253,-4.461836999,B
Target Corporation,Consumer Services,8.0,1.293549033,0.07340687733333333,0.028142720666666666,0.05760845666666667,0.652596736,1.8804787511666667,0.12024471666666665,0.07826058466666667,A
Tech Data Corporation,Technology,7.0,1.4789706875,0.1368767355,0.008932746,0.013797403,0.671686369,2.0505473005,0.1185266945,0.013084753999999999,BBB
TechnipFMC plc,Energy,7.0,0.946754629,0.414144854,0.001255241,0.02384958,0.667503109,2.011308527,0.002885748,0.061044814,BBB
Teleflex Incorporated,Health Care,5.8,2.5099958216,1.018425215,0.13296286400000001,0.1698774646,0.4985438026,1.0025080173999998,0.11464237,0.1496400006,BB
Telefonica Brasil S.A.,Public Utilities,7.0,1.197416714,0.526970127,0.131297705,0.227198383,0.363979709,0.572276881,0.099674605,0.296406219,BBB
"Tempur Sealy International, Inc.",Consumer Durables,6.0,1.1829175085,0.166926155,0.1105731685,0.1153895845,0.9438630935,-86.178160936,-11.739655172500001,0.0635141845,BB
Tenet Healthcare Corporation,Health Care,4.571428571428571,1.3211876307142858,0.12231211671428573,0.016347443142857142,0.06471752128571429,0.909848095,22.058559855285715,-0.003476137857142838,0.049437720571428576,B
Tenneco Inc.,Capital Goods,7.25,1.30035828025,0.16055622725000002,0.030327087,0.04879716375,0.88050228825,7.414995276,0.517272853,0.0558761905,BBB
"Teradyne, Inc.",Capital Goods,8.0,3.028133094,0.718282201,0.115514523,0.133520971,0.245160893,0.324785627,0.083092791,0.187176149,A
Terex Corporation,Capital Goods,5.4,2.1304586058,0.3306923286,0.0238386436,0.0476125176,0.6851086814,2.2002300722,0.08326861599999999,0.031610573999999995,B
Teva Pharmaceutical Industries Limited,Health Care,7.333333333333333,1.2051814253333333,0.2703094776666667,0.06414846433333334,0.11129468466666666,0.540100779,1.2588932906666666,0.049810164999999997,0.22821379499999997,BBB
Texas Instruments Incorporated,Technology,8.666666666666666,2.868660032333333,0.47802838166666667,0.20769475366666668,0.28779110533333335,0.41008522766666666,0.6966243453333334,0.257262594,0.30130765600000003,AA
Textron Inc.,Capital Goods,7.0,1.7047434076666665,0.3438488593333333,0.044170010333333336,0.05024677466666667,0.713104444,2.5762445676666665,0.15032281166666667,0.07657271,BBB
The AES Corporation,Basic Industries,6.0,1.092588207,0.202462704,0.003357647,0.126143337,0.868837271,6.624117053,0.009754457,0.166956119,BB
Thermo Fisher Scientific Inc,Capital Goods,7.166666666666667,1.8448436886666668,0.519739364,0.10734694466666667,0.12792582933333332,0.47937181650000005,0.9302180296666668,0.08645409999999999,0.15911716750000002,BBB
Tiffany & Co.,Consumer Services,7.333333333333333,4.976134237666667,0.92045203,0.09064339366666667,0.15680531666666667,0.4375857363333333,0.7787260690000001,0.13226363566666666,0.12710098433333333,BBB
Timken Company (The),Capital Goods,7.0,2.5818129809999997,0.389387146,0.015436905999999999,0.007517774500000001,0.4996564065,1.003553366,0.027453874500000003,0.11514310750000001,BBB
"Titan International, Inc.",Basic Industries,5.25,2.4979145875,0.57570967725,-0.026814761,-0.009610267499999998,0.6942833405,2.39140526125,-0.1102389685,0.048575833,B
Toro Company (The),Capital Goods,7.0,1.484020274,0.225258995,0.062452726,0.097925479,0.693604759,2.263758261,0.441051554,0.060445775,BBB
Total S.A.,Energy,9.0,1.122883604,0.222464944,0.084242009,0.16432066350000002,1.172884903,1.6774196715,0.171305383,0.1347838795,AA
TransAlta Corporation,Public Utilities,6.0,1.32075299,0.1161224135,0.0401046265,0.133184603,0.5874567964999999,1.8773335405,0.027340053000000003,0.2504740985,BB
Transocean Ltd.,Energy,5.833333333333333,1.8102089133333334,0.9524697258333333,-0.07760328983333334,0.023683372666666657,0.467473702,0.9347146485,-0.05407553933333334,0.3130906936666667,BB
TriMas Corporation,Capital Goods,5.0,1.924095204,0.396327331,0.055684712,0.121148382,0.823838871,4.67662121,0.347315726,0.08838887,B
Trimble Inc.,Capital Goods,7.0,1.45066119,0.255163868,0.095648225,0.11001895,0.399891376,0.666364988,0.098543117,0.18121177,BBB
"Trinity Industries, Inc.",Capital Goods,6.5,8.61429428325,2.9142235945,0.09687043325,0.18892162175,0.652380432,1.910146713,0.1812474385,0.14245494975,BB
"Triumph Group, Inc.",Capital Goods,6.0,2.208426407,0.04350353,0.080305409,0.143466312,0.605448823,1.53452545,0.145390723,0.086671301,BB
Tronox Holdings plc,Basic Industries,5.0,4.439776036,1.9562093655,-0.1981971595,-0.1479701485,0.7426828590000001,3.114063531,-0.291927333,0.091723583,B
Tupperware Brands Corporation,Consumer Non-Durables,7.5,1.0332991265,0.15881938683333333,0.0877398265,0.13966264916666668,0.8315580886666667,5.960188525333334,0.880280388,0.10959577783333334,A
Tutor Perini Corporation,Basic Industries,5.714285714285714,2.1491312508571427,0.4314747761428572,0.07686910028571428,0.14264155485714286,0.5429447738571429,1.4851999341428572,0.02156561442857143,-0.006158102142857143,BB
"U.S. Silica Holdings, Inc.",Basic Industries,5.5,5.55280645775,3.2043579695,0.055389113000000004,0.0876259375,0.5887413505,1.5929649672500001,0.135735718,0.09422553175,BB
UGI Corporation,Public Utilities,7.0,1.0579161823333332,0.26219599633333335,0.04046248633333333,0.12059405633333332,0.7440870619999999,2.909656052666667,0.11425596833333333,0.13559957133333334,BBB
Ultrapar Participacoes S.A.,Public Utilities,6.666666666666667,2.026397332333333,0.5602020186666666,0.018791095333333334,0.03359477833333333,0.604923478,1.5388367036666668,0.17131941966666667,0.04070043166666667,BBB
Union Pacific Corporation,Transportation,8.333333333333334,1.1422811843333334,0.38189923499999995,0.20058850966666666,0.342123031,0.6001436383333333,1.5105651243333333,0.21160896883333333,0.3212140651666667,A
Unisys Corporation,Technology,5.8,1.3797205556,0.5545821696,0.015881045,0.05234587119999999,1.5429702552,-3.045681955,-0.058040388600000006,0.0487184886,BB
"United Parcel Service, Inc.",Transportation,9.0,1.8720340675,0.6695337955,0.0432705265,0.0696510885,0.838769907,5.642434232,0.35708071999999996,0.1332525275,AA
United States Cellular Corporation,Public Utilities,6.4,1.8160526134000001,0.5893336146,0.02752155,0.0285646034,0.4754789178,0.9105640902,0.03153525,0.2386403304,BB
United States Steel Corporation,Basic Industries,5.285714285714286,1.8300362967142856,0.30428599342857143,-0.027136596142857145,-0.006096441142857145,0.7375286478571429,2.8841999437142856,-0.1370637202857143,0.04441688985714286,B
UnitedHealth Group Incorporated,Health Care,8.0,0.7834538835,0.30088385375,0.045125519,0.078910846,0.6298281782499999,1.73955965925,0.17612248275,0.06419751975,A
Uniti Group Inc.,Consumer Services,4.0,0.524030864,0.481216869,-0.000275179,0.000395894,1.422582043,-3.366404387,0.000151165,0.488037507,CCC
Universal Corporation,Consumer Services,6.8,3.9802258328,0.5620416108,0.052299341,0.0868020218,0.4346548362,0.777592214,0.1015073586,0.0592600566,BBB
"Universal Health Services, Inc.",Health Care,7.0,1.4261347979999999,0.03300580933333334,0.07099516,0.136836836,0.583865726,1.4088985763333335,0.154419677,0.120907256,BBB
V.F. Corporation,Consumer Non-Durables,6.6,2.3043171256,0.4947271934,0.0929519686,0.1333106004,0.45895251420000005,0.8577688565999999,0.2000878142,0.12147200279999999,BBB
Valero Energy Corporation,Energy,7.4,1.6884106769999998,0.38290705999999997,0.027945568599999998,0.044528325,0.5707679372000001,1.3405358440000001,0.1502565576,0.0464742784,BBB
"Valmont Industries, Inc.",Capital Goods,7.0,3.392747243,0.9848772712,0.0611936304,0.0973021078,0.5519087702000001,1.2664217368,0.1505641396,0.0735826482,BBB
Valvoline Inc.,Basic Industries,6.0,1.825,0.43,0.141524106,0.195438051,1.180821918,-6.53030303,-0.827272727,0.161223432,BB
Vector Group Ltd.,Consumer Non-Durables,5.6,2.5279566188,1.3080982758000002,0.0417689174,0.12676247680000002,1.1275925502,-10.596692912200002,-0.4275392604,0.06070229220000001,BB
"VeriSign, Inc.",Technology,6.0,1.33468700275,0.15179511774999999,0.40909907425,0.5504015787500001,1.2569272905,-59.0370275435,-9.091307559,0.6064213602499999,BB
Verint Systems Inc.,Technology,5.333333333333333,1.161845402,0.4730925323333333,0.05030654033333334,0.10988638033333332,0.832745271,9.613883479333333,0.2919694973333333,0.12668972766666667,B
"Verisk Analytics, Inc.",Technology,7.0,0.669491757,0.17636204733333335,0.230929991,0.37307508699999997,0.8156873990000001,5.593282667333334,0.9672351836666667,0.299825752,BBB
Verizon Communications Inc.,Public Utilities,7.666666666666667,1.1632085376666665,0.521343926,0.073397301,0.1858571845,0.7782055496666667,7.179391910333334,0.4017997091666667,0.263251873,A
Viavi Solutions Inc.,Technology,6.0,2.4831221455,0.710688475,0.0004686859999999994,-0.016074315999999998,0.383639754,0.6383190845,-0.002220185999999999,0.0913983595,BB
Visa Inc.,Miscellaneous,8.0,2.026795683,0.65463342,0.455907781,0.653025937,0.258325877,0.348301052,0.212050131,0.474351585,A
"Vishay Intertechnology, Inc.",Capital Goods,6.0,4.110802337833333,1.4765543943333332,0.055126259166666663,0.09459800183333333,0.46282924550000004,0.8655093475000001,0.08809178083333334,0.137154874,BB
Vista Outdoor Inc.,Capital Goods,6.0,3.15217991,0.634214221,0.0514625165,0.1020527525,0.3975296405,0.6665654590000001,0.06840125799999999,0.080638364,BB
Visteon Corporation,Capital Goods,5.75,1.714968295,0.7069510245,0.19181547125,0.04880372525,0.7575884385,3.3818084842499996,0.5600939895,0.051417471,BB
Vodafone Group Plc,Public Utilities,7.0,0.686785562,0.0,0.140123618,0.0506833,0.447407993,0.829100645,0.064985776,0.298491886,BBB
Vulcan Materials Company,Basic Industries,6.0,2.63578127175,0.59878583875,0.03034634575,0.11053090375,0.50143778,1.01298670425,0.0227317755,0.113899133,BB
"W&T Offshore, Inc.",Energy,4.714285714285714,0.7195012314285715,0.14819148485714284,-0.31641435085714287,-0.30018566714285705,1.0435319651428572,1.6503790824285716,0.45201223785714284,0.43379130485714285,B
W.R. Berkley Corporation,Finance,7.0,4.55979186175,0.26442671475,0.0812912315,0.09984912325,0.78662314125,3.68702499975,0.11698194125,0.1178401775,BBB
"WEC Energy Group, Inc.",Public Utilities,7.666666666666667,0.9237632646666666,0.024284314666666668,15.315751736666668,28.875630702,0.385044602,0.7824271373333334,0.05446310966666667,31.565818416,A
WPP plc,Technology,7.5,-0.92068001375,-0.17710209999999998,0.08926831575000001,0.12776767225,0.37421014725,0.62523839825,0.13626295875,0.11250140524999999,A
Wabash National Corporation,Capital Goods,6.0,2.553845442,0.8146431185,0.042068651,0.07732181399999999,0.5581212554999999,1.2681963230000002,0.1965102475,0.05735960500000001,BB
"Walgreens Boots Alliance, Inc.",Health Care,8.0,1.2834708422499999,0.21611230675,0.032765299,0.05119252975,0.47614380325,0.92460052075,0.11963484925000001,0.056782169,A
Walt Disney Company (The),Consumer Services,8.0,1.0999117374285714,0.27194256728571425,0.13921893842857141,0.21582096928571426,0.441869291,0.8496930527142857,0.15490606871428572,0.19937208385714286,A
"Waste Connections, Inc.",Public Utilities,7.0,1.0590408706666665,0.09729469166666667,0.04654544766666666,0.10701270600000001,0.560234898,1.303395408,0.033257289,0.25675573733333334,BBB
"Waste Management, Inc.",Public Utilities,7.0,0.829130723,0.01924353,0.00700851,0.077165129,0.747511392,2.960574733,0.017171894,0.175570335,BBB
Western Digital Corporation,Technology,6.0,2.218995046,1.361317616,0.059579626499999996,0.073208597,0.5267911169999999,1.297647348,0.090312359,0.153232804,BB
Western Union Company (The),Miscellaneous,7.333333333333333,2.1177468896666665,2.1177468896666665,0.179129032,0.22893844466666669,0.8976095486666665,8.787245542333332,1.0386102986666668,0.206539841,BBB
Westinghouse Air Brake Technologies Corporation,Capital Goods,6.75,2.05233181875,0.42158760975000004,0.10240908725,0.15710142625,0.51898803325,1.167682277,0.17062530925,0.1176912785,BBB
Westlake Chemical Corporation,Basic Industries,7.0,3.7490872213333333,1.5453961253333333,0.08603117833333333,0.136769465,0.5300418313333334,1.257728838,0.15552498866666667,0.146377035,BBB
Westrock Company,Consumer Durables,7.0,1.916651368,0.098724068,0.045582842,0.076630591,0.535562265,1.166214662,0.043521173,0.108190709,BBB
Weyerhaeuser Company,Consumer Services,6.8,2.3561592116,1.0721572492,0.0983811136,0.11906749539999999,0.6171210922,1.65684195,0.140657148,0.1088088934,BBB
Whirlpool Corporation,Consumer Durables,7.2,0.9841701370000001,0.1485266558,0.035601298999999996,0.059124427199999996,0.73297643,2.7806199792,0.1490848588,0.0573523746,BBB
Whiting Petroleum Corporation,Energy,5.0,1.06670271025,0.276955633,-0.49344887775000007,-0.46384054524999996,0.5556690955000001,1.271837755,-0.155152247,0.5452508970000001,B
"Williams Companies, Inc. (The)",Public Utilities,6.0,0.791443077,0.20615862940000002,0.015204410600000006,0.113902046,0.846295662,6.996176821200001,0.039252567599999996,0.36775086960000003,BB
"Wolverine World Wide, Inc.",Consumer Non-Durables,6.0,3.171980907,0.7672801433333333,0.04417833866666667,0.072223619,0.6613675216666667,2.0895804566666665,0.11964130033333335,0.09618872133333334,BB
Xcel Energy Inc.,Public Utilities,7.666666666666667,0.8376082426666667,0.023464894833333333,0.08883943633333334,0.17732142000000004,0.7216233833333333,2.5946331398333333,0.09918157316666666,0.23938935333333333,A
Xerox Holdings Corporation,Technology,6.4,1.394398635,0.27903965680000004,0.038461569599999995,0.0703037826,0.6205074030000001,1.7836690130000001,0.049497928000000004,0.1171140392,BB
Xinyuan Real Estate Co Ltd,Basic Industries,5.0,22.46226931225,3.42693544025,0.10429891,0.175639057,0.48639438300000004,1.3838889355,0.11842303800000001,-0.04041322725,B
Xperi Holding Corporation,Technology,6.0,3.919105396,1.286355529,0.216088456,0.344376168,0.572008098,1.336492807,0.110458166,0.561061776,BB
Xylem Inc.,Capital Goods,7.0,1.9608347055,0.5375169055,0.0810107075,0.1152882125,0.607112714,1.595404649,0.140934627,0.1294070845,BBB
"YRC Worldwide, Inc.",Transportation,4.333333333333333,1.2970476026666666,0.29562389133333333,-0.010369552333333332,0.011293775666666667,1.0,-4.214137207666667,96977.59213666669,0.012321656666666667,CCC
Yamana Gold Inc.,Basic Industries,6.5,1.1439152515,0.275163208,-0.207202514,-0.1894382305,0.42616588,0.7656361075,-0.06537098899999999,0.3631612515,BB
"Yum! Brands, Inc.",Consumer Services,7.0,0.7469895315,0.3638226975,0.1015658025,0.1451681315,0.8404104395,5.8548721575,1.071426034,0.16754386,BBB
Zebra Technologies Corporation,Technology,5.0,1.5091534203333332,0.2636854176666667,-0.020736052666666668,0.028516870333333333,0.8216988193333333,4.615839990333334,-0.10624233333333333,0.09428957866666665,B
Zoetis Inc.,Health Care,7.0,2.68710952725,0.635512796,0.11786181925,0.1720636565,0.83221635825,5.1423375185,0.46260075125,0.14133792775,BBB
eBay Inc.,Miscellaneous,8.0,2.2827467776666666,0.5086905136666667,0.12710496433333332,0.22068810500000002,0.539738799,1.2420865866666666,0.12846826633333333,0.36592622366666666,A
